Risk,Demand fluctuation,Average stock,Daily usage,Unit cost,Lead time,Consignment stock,Unit size,Risk_score,Demand_fluctuation_score,Consignment_stock_score,Unit_size_score,Daily_usage_norm,Average_stock_urgency,Lead_time_norm,Unit_cost_norm,Criticality,Demand,Supply,Cost,Space,TOPSIS_Criticality,TOPSIS_Demand,TOPSIS_Supply,TOPSIS_Cost,TOPSIS_Space,TOPSIS_score,TOPSIS_rank,Classe,Fuzzy_TOPSIS_score,Fuzzy_rank,Fuzzy_Classe
High,Ending,110.340000,4.940000,7.644460,23,Yes,Large,0.470000,0.000000,0.200000,0.530000,0.991935,0.449299,0.766667,0.763613,0.366600,0.834571,0.625000,0.763613,0.530000,0.008820,0.011579,0.008526,0.009907,0.011091,0.764357,6,A,0.763697,13,A
Normal,Ending,183.260000,1.580000,2.509130,10,No,Large,0.350000,0.000000,0.800000,0.530000,0.314516,0.081796,0.333333,0.243632,0.273000,0.247027,0.450000,0.243632,0.530000,0.006568,0.003427,0.006139,0.003161,0.011091,0.412576,563,C,0.361734,621,C
Normal,Stable,115.420000,3.290000,6.258840,17,No,Medium,0.350000,0.280000,0.800000,0.310000,0.659274,0.423697,0.566667,0.623311,0.334600,0.590957,0.625000,0.623311,0.310000,0.008051,0.008199,0.008526,0.008087,0.006487,0.599255,125,A,0.613417,118,A
Low,Stable,113.850000,0.260000,4.951870,19,Yes,Large,0.180000,0.280000,0.200000,0.530000,0.048387,0.431610,0.633333,0.490973,0.202000,0.159522,0.525000,0.490973,0.530000,0.004860,0.002213,0.007162,0.006370,0.011091,0.447336,472,C,0.426064,507,C
Normal,Decreasing,149.020000,4.930000,6.482260,24,Yes,Small,0.350000,0.160000,0.200000,0.130000,0.989919,0.254359,0.800000,0.645934,0.308200,0.776607,0.650000,0.645934,0.130000,0.007415,0.010774,0.008867,0.008380,0.002720,0.591225,138,A,0.642579,82,A
Low,Unknown,117.180000,0.960000,3.754970,6,No,Small,0.180000,0.200000,0.800000,0.130000,0.189516,0.414827,0.200000,0.369780,0.184400,0.254856,0.350000,0.369780,0.130000,0.004437,0.003536,0.004774,0.004798,0.002720,0.279863,680,C,0.293600,666,C
Normal,Ending,24.110000,1.820000,1.482540,4,No,Large,0.350000,0.000000,0.800000,0.530000,0.362903,0.883883,0.133333,0.139684,0.273000,0.513987,0.300000,0.139684,0.530000,0.006568,0.007131,0.004092,0.001812,0.011091,0.424946,531,C,0.374494,598,C
High,Unknown,87.370000,4.410000,9.124980,24,Yes,Medium,0.470000,0.200000,0.200000,0.310000,0.885081,0.565064,0.800000,0.913524,0.410600,0.792276,0.650000,0.913524,0.310000,0.009879,0.010992,0.008867,0.011852,0.006487,0.740010,10,A,0.767172,11,A
Normal,Decreasing,179.400000,3.650000,0.570780,18,Yes,Small,0.350000,0.160000,0.200000,0.130000,0.731855,0.101250,0.600000,0.047363,0.308200,0.548979,0.500000,0.047363,0.130000,0.007415,0.007616,0.006821,0.000615,0.002720,0.373959,623,C,0.372971,600,C
Low,Stable,163.530000,4.970000,2.224090,12,Yes,Medium,0.180000,0.280000,0.200000,0.310000,0.997984,0.181232,0.400000,0.214770,0.202000,0.761126,0.350000,0.214770,0.310000,0.004860,0.010560,0.004774,0.002786,0.006487,0.442744,485,C,0.443779,462,C
Low,Unknown,194.040000,4.800000,6.382100,9,No,Large,0.180000,0.200000,0.800000,0.530000,0.963710,0.027467,0.300000,0.635792,0.184400,0.692199,0.425000,0.635792,0.530000,0.004437,0.009603,0.005798,0.008249,0.011091,0.583522,154,B,0.592778,152,B
Low,Increasing,80.830000,4.070000,3.019140,24,No,Large,0.180000,0.360000,0.800000,0.530000,0.816532,0.598024,0.800000,0.295273,0.219600,0.753165,0.800000,0.295273,0.530000,0.005284,0.010449,0.010913,0.003831,0.011091,0.604676,118,A,0.601112,132,A
Low,Ending,112.740000,0.410000,9.060170,28,Yes,Large,0.180000,0.000000,0.200000,0.530000,0.078629,0.437204,0.933333,0.906961,0.140400,0.182616,0.750000,0.906961,0.530000,0.003378,0.002534,0.010231,0.011767,0.011091,0.561145,200,B,0.580975,174,B
Normal,Ending,155.160000,1.290000,9.360310,22,Yes,Small,0.350000,0.000000,0.200000,0.130000,0.256048,0.223415,0.733333,0.937352,0.273000,0.246585,0.600000,0.937352,0.130000,0.006568,0.003421,0.008185,0.012161,0.002720,0.505270,323,B,0.542991,253,B
High,Unknown,83.910000,1.730000,7.193560,20,No,Small,0.470000,0.200000,0.800000,0.130000,0.344758,0.582502,0.666667,0.717957,0.410600,0.413704,0.700000,0.717957,0.130000,0.009879,0.005740,0.009549,0.009315,0.002720,0.550971,227,B,0.578504,181,B
High,Increasing,172.570000,2.760000,5.798430,12,Yes,Medium,0.470000,0.360000,0.200000,0.310000,0.552419,0.135672,0.400000,0.576692,0.445800,0.431563,0.350000,0.576692,0.310000,0.010726,0.005987,0.004774,0.007482,0.006487,0.498278,346,B,0.472424,398,C
Normal,Decreasing,95.790000,0.530000,0.618520,0,No,Small,0.350000,0.160000,0.800000,0.130000,0.102823,0.522629,0.000000,0.052197,0.308200,0.224566,0.200000,0.052197,0.130000,0.007415,0.003116,0.002728,0.000677,0.002720,0.204623,698,C,0.167604,697,C
Low,Unknown,100.960000,1.160000,7.276140,20,No,Medium,0.180000,0.200000,0.800000,0.310000,0.229839,0.496573,0.666667,0.726318,0.184400,0.307192,0.700000,0.726318,0.310000,0.004437,0.004262,0.009549,0.009423,0.006487,0.517565,299,B,0.551580,242,B
Normal,Ending,89.680000,1.760000,3.863730,11,Yes,Medium,0.350000,0.000000,0.200000,0.310000,0.350806,0.553422,0.366667,0.380793,0.273000,0.409565,0.325000,0.380793,0.310000,0.006568,0.005682,0.004433,0.004940,0.006487,0.384351,613,C,0.369979,602,C
High,Increasing,95.530000,2.920000,5.819630,19,Yes,Large,0.470000,0.360000,0.200000,0.530000,0.584677,0.523939,0.633333,0.578839,0.445800,0.567063,0.525000,0.578839,0.530000,0.010726,0.007867,0.007162,0.007510,0.011091,0.630170,88,A,0.597409,145,B
High,Increasing,158.800000,0.760000,6.917300,3,No,Medium,0.470000,0.360000,0.800000,0.310000,0.149194,0.205070,0.100000,0.689984,0.445800,0.165398,0.275000,0.689984,0.310000,0.010726,0.002295,0.003751,0.008952,0.006487,0.445511,478,C,0.419397,520,C
Low,Ending,43.820000,4.060000,5.814630,21,No,Large,0.180000,0.000000,0.800000,0.530000,0.814516,0.784548,0.700000,0.578332,0.140400,0.805825,0.725000,0.578332,0.530000,0.003378,0.011180,0.009890,0.007503,0.011091,0.646393,67,A,0.684425,47,A
Low,Ending,37.750000,4.770000,8.661020,29,No,Small,0.180000,0.000000,0.800000,0.130000,0.957661,0.815140,0.966667,0.866545,0.140400,0.916330,0.925000,0.866545,0.130000,0.003378,0.012713,0.012618,0.011243,0.002720,0.645965,69,A,0.739899,20,A
Normal,Increasing,134.930000,2.860000,9.047450,16,Yes,Small,0.350000,0.360000,0.200000,0.130000,0.572581,0.325370,0.533333,0.905673,0.352200,0.500890,0.450000,0.905673,0.130000,0.008474,0.006949,0.006139,0.011750,0.002720,0.544232,242,B,0.578602,180,B
Normal,Unknown,162.120000,2.800000,6.287680,19,No,Small,0.350000,0.200000,0.800000,0.130000,0.560484,0.188338,0.633333,0.626231,0.317000,0.452562,0.675000,0.626231,0.130000,0.007627,0.006279,0.009208,0.008125,0.002720,0.515303,305,B,0.550533,243,B
High,Ending,77.000000,0.310000,0.814130,17,No,Small,0.470000,0.000000,0.800000,0.130000,0.058468,0.617327,0.566667,0.072004,0.366600,0.220537,0.625000,0.072004,0.130000,0.008820,0.003060,0.008526,0.000934,0.002720,0.348554,651,C,0.334204,651,C
High,Stable,98.350000,3.000000,3.782750,2,No,Large,0.470000,0.280000,0.800000,0.530000,0.600806,0.509727,0.066667,0.372593,0.428200,0.574393,0.250000,0.372593,0.530000,0.010303,0.007969,0.003410,0.004834,0.011091,0.512335,308,B,0.455708,430,C
Normal,Ending,127.580000,1.190000,1.631240,6,No,Small,0.350000,0.000000,0.800000,0.130000,0.235887,0.362413,0.200000,0.154741,0.273000,0.272580,0.350000,0.154741,0.130000,0.006568,0.003782,0.004774,0.002008,0.002720,0.255953,689,C,0.242701,687,C
Normal,Increasing,87.510000,4.020000,1.129240,13,No,Large,0.350000,0.360000,0.800000,0.530000,0.806452,0.564358,0.433333,0.103910,0.352200,0.736245,0.525000,0.103910,0.530000,0.008474,0.010214,0.007162,0.001348,0.011091,0.532439,268,B,0.491327,363,C
Normal,Ending,119.480000,3.570000,6.281870,19,Yes,Medium,0.350000,0.000000,0.200000,0.310000,0.715726,0.403236,0.633333,0.625643,0.273000,0.625104,0.525000,0.625643,0.310000,0.006568,0.008673,0.007162,0.008117,0.006487,0.565737,190,B,0.586466,166,B
Normal,Stable,98.150000,4.630000,4.815460,6,Yes,Small,0.350000,0.280000,0.200000,0.130000,0.929435,0.510735,0.200000,0.477161,0.334600,0.808012,0.200000,0.477161,0.130000,0.008051,0.011210,0.002728,0.006191,0.002720,0.471628,410,C,0.481969,379,C
High,Unknown,94.980000,1.750000,8.981980,12,Yes,Large,0.470000,0.200000,0.200000,0.530000,0.348790,0.526711,0.400000,0.899044,0.410600,0.400387,0.350000,0.899044,0.530000,0.009879,0.005555,0.004774,0.011664,0.011091,0.596020,129,A,0.573845,197,B
Low,Increasing,114.440000,2.740000,2.897540,29,No,Medium,0.180000,0.360000,0.800000,0.310000,0.548387,0.428636,0.966667,0.282961,0.219600,0.513659,0.925000,0.282961,0.310000,0.005284,0.007126,0.012618,0.003671,0.006487,0.526195,283,B,0.539244,263,B
Normal,Increasing,127.860000,0.560000,4.300100,25,No,Large,0.350000,0.360000,0.800000,0.530000,0.108871,0.361002,0.833333,0.424978,0.352200,0.181989,0.825000,0.424978,0.530000,0.008474,0.002525,0.011254,0.005514,0.011091,0.532639,267,B,0.505259,338,B
Low,Ending,21.430000,1.140000,9.846650,8,Yes,Large,0.180000,0.000000,0.200000,0.530000,0.225806,0.897389,0.266667,0.986597,0.140400,0.420565,0.250000,0.986597,0.530000,0.003378,0.005835,0.003410,0.012800,0.011091,0.535090,257,B,0.542655,256,B
Normal,Increasing,100.910000,1.990000,6.410020,3,No,Large,0.350000,0.360000,0.800000,0.530000,0.397177,0.496825,0.100000,0.638619,0.352200,0.426075,0.275000,0.638619,0.530000,0.008474,0.005911,0.003751,0.008286,0.011091,0.523278,290,B,0.489351,366,C
High,Ending,78.600000,0.040000,8.053420,11,Yes,Small,0.470000,0.000000,0.200000,0.130000,0.004032,0.609263,0.366667,0.805022,0.366600,0.179549,0.325000,0.805022,0.130000,0.008820,0.002491,0.004433,0.010445,0.002720,0.430175,517,C,0.442439,467,C
Low,Increasing,51.260000,0.440000,7.868530,11,No,Small,0.180000,0.360000,0.800000,0.130000,0.084677,0.747052,0.366667,0.786301,0.219600,0.276766,0.475000,0.786301,0.130000,0.005284,0.003840,0.006480,0.010202,0.002720,0.442463,486,C,0.482505,376,C
High,Ending,103.560000,3.530000,8.054250,27,Yes,Medium,0.470000,0.000000,0.200000,0.310000,0.707661,0.483469,0.900000,0.805106,0.366600,0.642646,0.725000,0.805106,0.310000,0.008820,0.008916,0.009890,0.010446,0.006487,0.690461,31,A,0.718471,32,A
Low,Unknown,131.900000,2.360000,6.504070,1,Yes,Large,0.180000,0.200000,0.200000,0.530000,0.471774,0.340641,0.033333,0.648142,0.184400,0.433746,0.075000,0.648142,0.530000,0.004437,0.006018,0.001023,0.008409,0.011091,0.450958,464,C,0.435879,488,C
High,Ending,47.750000,0.740000,8.864360,22,No,Small,0.470000,0.000000,0.800000,0.130000,0.145161,0.764741,0.733333,0.887134,0.366600,0.324840,0.750000,0.887134,0.130000,0.008820,0.004507,0.010231,0.011510,0.002720,0.560659,203,B,0.596484,146,B
High,Unknown,155.420000,0.270000,7.640380,7,Yes,Small,0.470000,0.200000,0.200000,0.130000,0.050403,0.222105,0.233333,0.763200,0.410600,0.100197,0.225000,0.763200,0.130000,0.009879,0.001390,0.003069,0.009902,0.002720,0.401188,581,C,0.399600,559,C
Normal,Ending,66.380000,2.410000,5.854580,30,No,Medium,0.350000,0.000000,0.800000,0.310000,0.481855,0.670850,1.000000,0.582377,0.273000,0.536663,0.950000,0.582377,0.310000,0.006568,0.007446,0.012959,0.007556,0.006487,0.620719,101,A,0.646035,81,A
High,Stable,136.170000,3.820000,9.924860,11,Yes,Large,0.470000,0.280000,0.200000,0.530000,0.766129,0.319121,0.366667,0.994516,0.428200,0.636497,0.325000,0.994516,0.530000,0.010303,0.008831,0.004433,0.012903,0.011091,0.663380,54,A,0.642391,83,A
Normal,Ending,15.220000,0.240000,7.337570,2,Yes,Medium,0.350000,0.000000,0.200000,0.310000,0.044355,0.928687,0.066667,0.732538,0.273000,0.300811,0.100000,0.732538,0.310000,0.006568,0.004173,0.001364,0.009504,0.006487,0.408567,568,C,0.410503,539,C
Low,Unknown,86.600000,4.830000,4.538500,2,No,Large,0.180000,0.200000,0.800000,0.530000,0.969758,0.568945,0.066667,0.449117,0.184400,0.853522,0.250000,0.449117,0.530000,0.004437,0.011842,0.003410,0.005827,0.011091,0.536957,253,B,0.529098,287,B
High,Stable,108.840000,1.390000,1.657290,6,Yes,Medium,0.470000,0.280000,0.200000,0.310000,0.276210,0.456859,0.200000,0.157378,0.428200,0.328598,0.200000,0.157378,0.310000,0.010303,0.004559,0.002728,0.002042,0.006487,0.343371,659,C,0.274805,677,C
Low,Stable,160.240000,2.180000,9.238070,7,Yes,Small,0.180000,0.280000,0.200000,0.130000,0.435484,0.197813,0.233333,0.924975,0.202000,0.366559,0.225000,0.924975,0.130000,0.004860,0.005086,0.003069,0.012001,0.002720,0.443742,484,C,0.480406,385,C
Low,Stable,137.230000,3.570000,2.571400,29,No,Medium,0.180000,0.280000,0.800000,0.310000,0.715726,0.313779,0.966667,0.249937,0.202000,0.599161,0.925000,0.249937,0.310000,0.004860,0.008313,0.012618,0.003243,0.006487,0.534355,262,B,0.549532,247,B
Low,Decreasing,104.370000,1.240000,5.445580,30,No,Small,0.180000,0.160000,0.800000,0.130000,0.245968,0.479387,1.000000,0.540964,0.175600,0.313659,0.950000,0.540964,0.130000,0.004225,0.004352,0.012959,0.007019,0.002720,0.491028,359,C,0.533675,277,B
Low,Ending,132.120000,4.050000,4.658510,21,No,Small,0.180000,0.000000,0.800000,0.130000,0.812500,0.339532,0.700000,0.461269,0.140400,0.675339,0.725000,0.461269,0.130000,0.003378,0.009369,0.009890,0.005985,0.002720,0.502826,328,B,0.559247,229,B
High,Ending,31.060000,2.140000,9.699430,30,Yes,Medium,0.470000,0.000000,0.200000,0.310000,0.427419,0.848856,1.000000,0.971690,0.366600,0.549636,0.800000,0.971690,0.310000,0.008820,0.007626,0.010913,0.012607,0.006487,0.701741,26,A,0.727769,27,A
Normal,Ending,109.040000,3.350000,8.312000,11,No,Small,0.350000,0.000000,0.800000,0.130000,0.671371,0.455851,0.366667,0.831205,0.273000,0.608870,0.475000,0.831205,0.130000,0.006568,0.008447,0.006480,0.010784,0.002720,0.543518,243,B,0.592359,154,B
Low,Unknown,25.070000,1.080000,3.700930,5,Yes,Medium,0.180000,0.200000,0.200000,0.310000,0.213710,0.879044,0.166667,0.364308,0.184400,0.406657,0.175000,0.364308,0.310000,0.004437,0.005642,0.002387,0.004727,0.006487,0.324836,669,C,0.317161,658,C
High,Ending,76.180000,3.860000,6.999750,19,No,Large,0.470000,0.000000,0.800000,0.530000,0.774194,0.621460,0.633333,0.698332,0.366600,0.729901,0.675000,0.698332,0.530000,0.008820,0.010126,0.009208,0.009060,0.011091,0.735967,11,A,0.732308,25,A
High,Decreasing,50.430000,1.880000,7.660930,20,No,Large,0.470000,0.160000,0.800000,0.530000,0.375000,0.751235,0.666667,0.765280,0.401800,0.484108,0.700000,0.765280,0.530000,0.009667,0.006716,0.009549,0.009929,0.011091,0.684167,35,A,0.672312,58,A
High,Unknown,61.730000,3.350000,4.710350,3,Yes,Small,0.470000,0.200000,0.200000,0.130000,0.671371,0.694285,0.100000,0.466518,0.410600,0.678016,0.125000,0.466518,0.130000,0.009879,0.009407,0.001705,0.006053,0.002720,0.442060,489,C,0.433981,494,C
Low,Increasing,81.440000,4.620000,0.248330,16,No,Medium,0.180000,0.360000,0.800000,0.310000,0.927419,0.594950,0.533333,0.014713,0.219600,0.831003,0.600000,0.014713,0.310000,0.005284,0.011529,0.008185,0.000191,0.006487,0.478468,396,C,0.483494,374,C
Low,Unknown,154.320000,4.830000,9.951050,21,No,Large,0.180000,0.200000,0.800000,0.530000,0.969758,0.227648,0.700000,0.997168,0.184400,0.754546,0.725000,0.997168,0.530000,0.004437,0.010468,0.009890,0.012937,0.011091,0.729297,12,A,0.781391,8,A
Low,Increasing,127.700000,1.440000,7.775420,27,Yes,Small,0.180000,0.360000,0.200000,0.130000,0.286290,0.361808,0.900000,0.776873,0.219600,0.308191,0.725000,0.776873,0.130000,0.005284,0.004276,0.009890,0.010079,0.002720,0.500803,338,B,0.549977,246,B
Low,Increasing,25.290000,4.560000,3.523170,17,No,Large,0.180000,0.360000,0.800000,0.530000,0.915323,0.877936,0.566667,0.346309,0.219600,0.904480,0.625000,0.346309,0.530000,0.005284,0.012549,0.008526,0.004493,0.011091,0.613609,109,A,0.610589,123,A
High,Stable,14.610000,0.240000,4.416600,30,Yes,Medium,0.470000,0.280000,0.200000,0.310000,0.044355,0.931761,1.000000,0.436774,0.428200,0.301703,0.800000,0.436774,0.310000,0.010303,0.004186,0.010913,0.005667,0.006487,0.530286,277,B,0.516156,316,B
High,Ending,66.900000,0.510000,6.400980,16,No,Small,0.470000,0.000000,0.800000,0.130000,0.098790,0.668229,0.533333,0.637704,0.366600,0.263928,0.600000,0.637704,0.130000,0.008820,0.003662,0.008185,0.008274,0.002720,0.466097,424,C,0.482334,377,C
Normal,Ending,114.890000,0.390000,7.740890,1,No,Medium,0.350000,0.000000,0.800000,0.310000,0.074597,0.426368,0.033333,0.773377,0.273000,0.176611,0.225000,0.773377,0.310000,0.006568,0.002450,0.003069,0.010034,0.006487,0.414795,558,C,0.420111,517,C
High,Unknown,72.850000,2.410000,8.390390,18,Yes,Medium,0.470000,0.200000,0.200000,0.310000,0.481855,0.638242,0.600000,0.839142,0.410600,0.527207,0.500000,0.839142,0.310000,0.009879,0.007314,0.006821,0.010887,0.006487,0.614012,108,A,0.620564,112,A
Low,Increasing,169.350000,2.570000,8.079910,7,No,Medium,0.180000,0.360000,0.800000,0.310000,0.514113,0.151900,0.233333,0.807705,0.219600,0.409071,0.375000,0.807705,0.310000,0.005284,0.005675,0.005115,0.010479,0.006487,0.496746,350,B,0.520575,306,B
Low,Increasing,12.760000,1.070000,8.315880,3,No,Medium,0.180000,0.360000,0.800000,0.310000,0.211694,0.941085,0.100000,0.831598,0.219600,0.423217,0.275000,0.831598,0.310000,0.005284,0.005872,0.003751,0.010789,0.006487,0.483525,380,C,0.504352,339,B
High,Increasing,165.230000,1.200000,1.496240,6,No,Medium,0.470000,0.360000,0.800000,0.310000,0.237903,0.172664,0.200000,0.141071,0.445800,0.218984,0.350000,0.141071,0.310000,0.010726,0.003038,0.004774,0.001830,0.006487,0.352674,647,C,0.283607,671,C
Normal,Stable,133.350000,2.460000,3.336500,15,No,Large,0.350000,0.280000,0.800000,0.530000,0.491935,0.333333,0.500000,0.327408,0.334600,0.445941,0.575000,0.327408,0.530000,0.008051,0.006187,0.007844,0.004248,0.011091,0.522193,292,B,0.483009,375,C
Low,Ending,160.040000,1.720000,0.248560,27,Yes,Medium,0.180000,0.000000,0.200000,0.310000,0.342742,0.198821,0.900000,0.014737,0.140400,0.301005,0.725000,0.014737,0.310000,0.003378,0.004176,0.009890,0.000191,0.006487,0.368516,631,C,0.376302,595,C
Low,Ending,12.420000,2.150000,9.153890,16,Yes,Large,0.180000,0.000000,0.200000,0.530000,0.429435,0.942798,0.533333,0.916451,0.140400,0.578311,0.450000,0.916451,0.530000,0.003378,0.008023,0.006139,0.011890,0.011091,0.601050,121,A,0.628963,101,A
Low,Stable,149.210000,4.170000,0.925160,10,Yes,Small,0.180000,0.280000,0.200000,0.130000,0.836694,0.253402,0.333333,0.083246,0.202000,0.667539,0.300000,0.083246,0.130000,0.004860,0.009261,0.004092,0.001080,0.002720,0.347751,652,C,0.357412,626,C
Low,Unknown,13.090000,1.200000,4.893620,29,No,Medium,0.180000,0.200000,0.800000,0.310000,0.237903,0.939421,0.966667,0.485075,0.184400,0.441344,0.925000,0.485075,0.310000,0.004437,0.006123,0.012618,0.006293,0.006487,0.544993,240,B,0.574311,193,B
Normal,Unknown,33.230000,0.160000,7.244370,18,No,Large,0.350000,0.200000,0.800000,0.530000,0.028226,0.837920,0.600000,0.723101,0.317000,0.263037,0.650000,0.723101,0.530000,0.007627,0.003649,0.008867,0.009382,0.011091,0.574945,168,B,0.562565,223,B
Normal,Decreasing,92.790000,4.580000,7.778650,23,No,Medium,0.350000,0.160000,0.800000,0.310000,0.919355,0.537748,0.766667,0.777200,0.308200,0.808689,0.775000,0.777200,0.310000,0.007415,0.011220,0.010572,0.010084,0.006487,0.722078,16,A,0.768827,9,A
Low,Unknown,123.750000,0.730000,4.978100,25,No,Medium,0.180000,0.200000,0.800000,0.310000,0.143145,0.381716,0.833333,0.493629,0.184400,0.212331,0.825000,0.493629,0.310000,0.004437,0.002946,0.011254,0.006404,0.006487,0.471078,412,C,0.492161,360,C
Normal,Stable,148.890000,4.580000,1.707360,28,No,Medium,0.350000,0.280000,0.800000,0.310000,0.919355,0.255015,0.933333,0.162448,0.334600,0.726696,0.900000,0.162448,0.310000,0.008051,0.010082,0.012277,0.002108,0.006487,0.566737,185,B,0.561493,226,B
High,Ending,65.380000,0.800000,5.780120,20,No,Medium,0.470000,0.000000,0.800000,0.310000,0.157258,0.675890,0.666667,0.574838,0.366600,0.307661,0.700000,0.574838,0.310000,0.008820,0.004268,0.009549,0.007458,0.006487,0.528496,281,B,0.526900,291,B
Normal,Unknown,132.890000,0.680000,8.625640,18,No,Large,0.350000,0.200000,0.800000,0.530000,0.133065,0.335652,0.600000,0.862963,0.317000,0.191815,0.650000,0.862963,0.530000,0.007627,0.002661,0.008867,0.011196,0.011091,0.579836,160,B,0.572241,199,B
High,Stable,1.530000,4.020000,7.790500,15,No,Medium,0.470000,0.280000,0.800000,0.310000,0.806452,0.997682,0.500000,0.778400,0.428200,0.861908,0.575000,0.778400,0.310000,0.010303,0.011958,0.007844,0.010099,0.006487,0.710757,19,A,0.727308,29,A
Normal,Ending,147.840000,1.910000,4.062270,10,No,Medium,0.350000,0.000000,0.800000,0.310000,0.381048,0.260306,0.333333,0.400896,0.273000,0.346033,0.450000,0.400896,0.310000,0.006568,0.004801,0.006139,0.005201,0.006487,0.403763,574,C,0.394820,569,C
High,Increasing,31.080000,2.710000,8.762380,7,Yes,Medium,0.470000,0.360000,0.200000,0.310000,0.542339,0.848755,0.233333,0.876808,0.445800,0.631199,0.225000,0.876808,0.310000,0.010726,0.008757,0.003069,0.011376,0.006487,0.579753,161,B,0.574129,195,B
Low,Ending,163.720000,0.160000,4.421600,24,No,Small,0.180000,0.000000,0.800000,0.130000,0.028226,0.180274,0.800000,0.437280,0.140400,0.072320,0.800000,0.437280,0.130000,0.003378,0.001003,0.010913,0.005673,0.002720,0.388157,605,C,0.422357,514,C
Normal,Decreasing,158.040000,0.460000,9.435140,9,No,Medium,0.350000,0.160000,0.800000,0.310000,0.088710,0.208900,0.300000,0.944929,0.308200,0.123565,0.425000,0.944929,0.310000,0.007415,0.001714,0.005798,0.012260,0.006487,0.490047,363,C,0.497522,351,C
Normal,Ending,56.380000,3.950000,4.536220,28,No,Large,0.350000,0.000000,0.800000,0.530000,0.792339,0.721248,0.933333,0.448886,0.273000,0.771722,0.900000,0.448886,0.530000,0.006568,0.010707,0.012277,0.005824,0.011091,0.682839,36,A,0.684081,48,A
Low,Increasing,132.320000,1.460000,5.343560,30,No,Large,0.180000,0.360000,0.800000,0.530000,0.290323,0.338524,1.000000,0.530634,0.219600,0.304301,0.950000,0.530634,0.530000,0.005284,0.004222,0.012959,0.006885,0.011091,0.576298,167,B,0.576101,190,B
Low,Ending,146.140000,3.460000,6.643060,5,No,Medium,0.180000,0.000000,0.800000,0.310000,0.693548,0.268874,0.166667,0.662215,0.140400,0.570393,0.325000,0.662215,0.310000,0.003378,0.007913,0.004433,0.008592,0.006487,0.473710,406,C,0.503465,341,B
Normal,Increasing,166.870000,1.210000,1.923540,17,No,Medium,0.350000,0.360000,0.800000,0.310000,0.239919,0.164399,0.566667,0.184338,0.352200,0.218018,0.625000,0.184338,0.310000,0.008474,0.003025,0.008526,0.002392,0.006487,0.395038,595,C,0.368536,607,C
High,Unknown,173.660000,0.710000,6.354240,27,No,Small,0.470000,0.200000,0.800000,0.130000,0.139113,0.130178,0.900000,0.632971,0.410600,0.136522,0.875000,0.632971,0.130000,0.009879,0.001894,0.011936,0.008212,0.002720,0.503364,327,B,0.517906,311,B
Normal,Decreasing,114.150000,3.850000,5.617700,23,Yes,Large,0.350000,0.160000,0.200000,0.530000,0.772177,0.430098,0.766667,0.558392,0.308200,0.672974,0.625000,0.558392,0.530000,0.007415,0.009337,0.008526,0.007245,0.011091,0.650467,65,A,0.642385,84,A
Normal,Increasing,36.640000,4.550000,5.364220,19,No,Small,0.350000,0.360000,0.800000,0.130000,0.913306,0.820734,0.633333,0.532726,0.352200,0.886460,0.675000,0.532726,0.130000,0.008474,0.012299,0.009208,0.006912,0.002720,0.602513,119,A,0.641218,87,A
Normal,Increasing,131.340000,4.250000,4.714120,30,No,Small,0.350000,0.360000,0.800000,0.130000,0.852823,0.343463,1.000000,0.466900,0.352200,0.705108,0.950000,0.466900,0.130000,0.008474,0.009782,0.012959,0.006058,0.002720,0.598191,126,A,0.631768,98,A
Normal,Increasing,17.650000,0.190000,8.448570,2,Yes,Medium,0.350000,0.360000,0.200000,0.310000,0.034274,0.916440,0.066667,0.845033,0.352200,0.290102,0.100000,0.845033,0.310000,0.008474,0.004025,0.001364,0.010964,0.006487,0.452321,459,C,0.448535,449,C
High,Ending,130.980000,1.920000,5.882780,30,Yes,Medium,0.470000,0.000000,0.200000,0.310000,0.383065,0.345278,1.000000,0.585233,0.366600,0.372106,0.800000,0.585233,0.310000,0.008820,0.005163,0.010913,0.007593,0.006487,0.571227,174,B,0.575925,191,B
Normal,Ending,151.950000,0.470000,1.442740,2,Yes,Large,0.350000,0.000000,0.200000,0.530000,0.090726,0.239593,0.066667,0.135654,0.273000,0.133897,0.100000,0.135654,0.530000,0.006568,0.001858,0.001364,0.001760,0.011091,0.313184,672,C,0.237019,689,C
High,Stable,99.660000,3.870000,8.033140,11,Yes,Medium,0.470000,0.280000,0.200000,0.310000,0.776210,0.503125,0.366667,0.802969,0.428200,0.697015,0.325000,0.802969,0.310000,0.010303,0.009670,0.004433,0.010418,0.006487,0.605756,116,A,0.604545,130,A
Normal,Stable,193.550000,3.860000,0.103020,8,No,Medium,0.350000,0.280000,0.800000,0.310000,0.774194,0.029936,0.266667,0.000000,0.334600,0.558359,0.400000,0.000000,0.310000,0.008051,0.007747,0.005457,0.000000,0.006487,0.388586,604,C,0.363796,614,C
Low,Increasing,62.090000,4.370000,1.076490,3,Yes,Medium,0.180000,0.360000,0.200000,0.310000,0.877016,0.692471,0.100000,0.098569,0.219600,0.823498,0.125000,0.098569,0.310000,0.005284,0.011425,0.001705,0.001279,0.006487,0.404518,573,C,0.397114,564,C
Low,Stable,152.470000,3.050000,0.674930,17,Yes,Medium,0.180000,0.280000,0.200000,0.310000,0.610887,0.236972,0.566667,0.057909,0.202000,0.502452,0.475000,0.057909,0.310000,0.004860,0.006971,0.006480,0.000751,0.006487,0.365604,632,C,0.359970,622,C
Low,Unknown,41.800000,3.580000,0.393220,4,No,Large,0.180000,0.200000,0.800000,0.530000,0.717742,0.794728,0.133333,0.029384,0.184400,0.740068,0.300000,0.029384,0.530000,0.004437,0.010268,0.004092,0.000381,0.011091,0.444812,480,C,0.419499,519,C
High,Ending,182.840000,3.360000,2.869370,28,Yes,Large,0.470000,0.000000,0.200000,0.530000,0.673387,0.083913,0.933333,0.280108,0.366600,0.502440,0.750000,0.280108,0.530000,0.008820,0.006971,0.010231,0.003634,0.011091,0.569500,178,B,0.535103,271,B
High,Stable,90.820000,1.680000,6.523070,14,No,Large,0.470000,0.280000,0.800000,0.530000,0.334677,0.547677,0.466667,0.650066,0.428200,0.396447,0.550000,0.650066,0.530000,0.010303,0.005500,0.007503,0.008434,0.011091,0.600215,123,A,0.569228,207,B
Normal,Increasing,160.820000,1.590000,9.451330,13,No,Small,0.350000,0.360000,0.800000,0.130000,0.316532,0.194890,0.433333,0.946568,0.352200,0.281256,0.525000,0.946568,0.130000,0.008474,0.003902,0.007162,0.012281,0.002720,0.516176,302,B,0.542921,254,B
Low,Stable,123.950000,3.070000,1.681770,30,Yes,Small,0.180000,0.280000,0.200000,0.130000,0.614919,0.380708,1.000000,0.159857,0.202000,0.546998,0.800000,0.159857,0.130000,0.004860,0.007589,0.010913,0.002074,0.002720,0.442324,488,C,0.467612,408,C
High,Increasing,76.770000,0.970000,8.610940,29,Yes,Medium,0.470000,0.360000,0.200000,0.310000,0.191532,0.618486,0.966667,0.861474,0.445800,0.315349,0.775000,0.861474,0.310000,0.010726,0.004375,0.010572,0.011177,0.006487,0.619559,104,A,0.625336,107,A
Normal,Ending,126.160000,2.940000,3.005210,4,No,Small,0.350000,0.000000,0.800000,0.130000,0.588710,0.369570,0.133333,0.293863,0.273000,0.525159,0.300000,0.293863,0.130000,0.006568,0.007286,0.004092,0.003813,0.002720,0.353767,646,C,0.356464,629,C
Normal,Ending,117.390000,0.450000,5.400010,20,Yes,Small,0.350000,0.000000,0.200000,0.130000,0.086694,0.413769,0.666667,0.536350,0.273000,0.181545,0.550000,0.536350,0.130000,0.006568,0.002519,0.007503,0.006959,0.002720,0.387077,611,C,0.406447,547,C
Low,Increasing,62.480000,1.850000,4.925930,8,No,Medium,0.180000,0.360000,0.800000,0.310000,0.368952,0.690505,0.266667,0.488346,0.219600,0.462202,0.400000,0.488346,0.310000,0.005284,0.006412,0.005457,0.006336,0.006487,0.434022,509,C,0.441549,469,C
High,Ending,145.530000,0.960000,7.171450,21,Yes,Small,0.470000,0.000000,0.200000,0.130000,0.189516,0.271948,0.700000,0.715718,0.366600,0.213421,0.575000,0.715718,0.130000,0.008820,0.002961,0.007844,0.009286,0.002720,0.466958,422,C,0.484781,373,C
High,Unknown,155.560000,1.920000,0.268670,5,No,Medium,0.470000,0.200000,0.800000,0.310000,0.383065,0.221399,0.166667,0.016773,0.410600,0.336182,0.325000,0.016773,0.310000,0.009879,0.004664,0.004433,0.000218,0.006487,0.341305,661,C,0.284248,670,C
Low,Decreasing,104.570000,1.430000,2.241260,8,No,Large,0.180000,0.160000,0.800000,0.530000,0.284274,0.478379,0.266667,0.216509,0.175600,0.340565,0.400000,0.216509,0.530000,0.004225,0.004725,0.005457,0.002809,0.011091,0.397137,591,C,0.356451,630,C
Low,Unknown,133.970000,3.060000,6.709080,4,Yes,Small,0.180000,0.200000,0.200000,0.130000,0.612903,0.330209,0.133333,0.668900,0.184400,0.530922,0.150000,0.668900,0.130000,0.004437,0.007366,0.002046,0.008678,0.002720,0.402518,577,C,0.434178,492,C
High,Stable,153.870000,1.410000,6.412760,13,Yes,Medium,0.470000,0.280000,0.200000,0.310000,0.280242,0.229916,0.433333,0.638896,0.428200,0.265648,0.375000,0.638896,0.310000,0.010303,0.003686,0.005115,0.008289,0.006487,0.471676,409,C,0.449266,447,C
Normal,Stable,8.670000,1.380000,2.112310,9,No,Medium,0.350000,0.280000,0.800000,0.310000,0.274194,0.961697,0.300000,0.203452,0.334600,0.473570,0.425000,0.203452,0.310000,0.008051,0.006570,0.005798,0.002640,0.006487,0.405564,570,C,0.377486,592,C
Normal,Increasing,29.160000,4.550000,8.438250,7,Yes,Small,0.350000,0.360000,0.200000,0.130000,0.913306,0.858432,0.233333,0.843988,0.352200,0.897393,0.225000,0.843988,0.130000,0.008474,0.012450,0.003069,0.010950,0.002720,0.565565,191,B,0.592397,153,B
High,Unknown,15.490000,1.430000,2.861380,0,Yes,Large,0.470000,0.200000,0.200000,0.530000,0.284274,0.927326,0.000000,0.279299,0.410600,0.470759,0.050000,0.279299,0.530000,0.009879,0.006531,0.000682,0.003624,0.011091,0.430830,515,C,0.364498,613,C
Normal,Increasing,121.280000,2.890000,2.326590,15,Yes,Small,0.350000,0.360000,0.200000,0.130000,0.578629,0.394164,0.500000,0.225149,0.352200,0.525134,0.425000,0.225149,0.130000,0.008474,0.007286,0.005798,0.002921,0.002720,0.391923,600,C,0.382714,584,C
High,Decreasing,94.810000,0.860000,6.520520,4,Yes,Medium,0.470000,0.160000,0.200000,0.310000,0.169355,0.527568,0.133333,0.649808,0.401800,0.273237,0.150000,0.649808,0.310000,0.009667,0.003791,0.002046,0.008431,0.006487,0.423326,539,C,0.399325,560,C
High,Decreasing,188.190000,1.770000,9.278000,27,Yes,Medium,0.470000,0.160000,0.200000,0.310000,0.352823,0.056950,0.900000,0.929018,0.401800,0.267020,0.725000,0.929018,0.310000,0.009667,0.003705,0.009890,0.012053,0.006487,0.599969,124,A,0.607288,125,A
Normal,Decreasing,15.810000,1.910000,0.627580,20,No,Medium,0.350000,0.160000,0.800000,0.310000,0.381048,0.925713,0.666667,0.053115,0.308200,0.539001,0.700000,0.053115,0.310000,0.007415,0.007478,0.009549,0.000689,0.006487,0.455546,452,C,0.445434,456,C
High,Stable,109.720000,1.780000,6.398290,13,No,Small,0.470000,0.280000,0.800000,0.130000,0.354839,0.452424,0.433333,0.637431,0.428200,0.383138,0.525000,0.637431,0.130000,0.010303,0.005316,0.007162,0.008270,0.002720,0.492918,356,C,0.501727,342,B
High,Unknown,16.360000,4.690000,9.297190,0,No,Small,0.470000,0.200000,0.800000,0.130000,0.941532,0.922941,0.000000,0.930961,0.410600,0.936141,0.200000,0.930961,0.130000,0.009879,0.012988,0.002728,0.012078,0.002720,0.586943,150,B,0.605644,128,A
Normal,Decreasing,86.540000,2.100000,2.121610,28,No,Medium,0.350000,0.160000,0.800000,0.310000,0.419355,0.569247,0.933333,0.204393,0.308200,0.462824,0.900000,0.204393,0.310000,0.007415,0.006421,0.012277,0.002652,0.006487,0.512121,309,B,0.509248,331,B
Normal,Ending,2.440000,0.570000,9.504710,22,Yes,Small,0.350000,0.000000,0.200000,0.130000,0.110887,0.993095,0.733333,0.951973,0.273000,0.366728,0.600000,0.951973,0.130000,0.006568,0.005088,0.008185,0.012351,0.002720,0.534809,258,B,0.578022,183,B
High,Stable,54.900000,4.630000,8.129290,6,No,Small,0.470000,0.280000,0.800000,0.130000,0.929435,0.728707,0.200000,0.812705,0.428200,0.871224,0.350000,0.812705,0.130000,0.010303,0.012087,0.004774,0.010544,0.002720,0.596430,128,A,0.623035,109,A
High,Stable,74.250000,1.420000,0.883510,29,Yes,Medium,0.470000,0.280000,0.200000,0.310000,0.282258,0.631186,0.966667,0.079029,0.428200,0.383447,0.775000,0.079029,0.310000,0.010303,0.005320,0.010572,0.001025,0.006487,0.469527,415,C,0.441847,468,C
Low,Increasing,178.300000,1.410000,1.588680,7,No,Medium,0.180000,0.360000,0.800000,0.310000,0.280242,0.106794,0.233333,0.150431,0.219600,0.229942,0.375000,0.150431,0.310000,0.005284,0.003190,0.005115,0.001952,0.006487,0.277046,682,C,0.254490,684,C
High,Decreasing,181.830000,1.310000,4.284820,29,No,Small,0.470000,0.160000,0.800000,0.130000,0.260081,0.089003,0.966667,0.423431,0.401800,0.210468,0.925000,0.423431,0.130000,0.009667,0.002920,0.012618,0.005494,0.002720,0.487637,368,C,0.494754,356,C
High,Decreasing,197.250000,2.400000,7.111410,12,No,Medium,0.470000,0.160000,0.800000,0.310000,0.479839,0.011289,0.400000,0.709639,0.401800,0.343959,0.500000,0.709639,0.310000,0.009667,0.004772,0.006821,0.009207,0.006487,0.531640,272,B,0.526006,296,B
Low,Decreasing,132.800000,0.100000,3.473240,22,Yes,Medium,0.180000,0.160000,0.200000,0.310000,0.016129,0.336105,0.733333,0.341254,0.175600,0.108922,0.600000,0.341254,0.310000,0.004225,0.001511,0.008185,0.004427,0.006487,0.354543,645,C,0.358905,623,C
High,Stable,165.880000,1.570000,1.237970,18,No,Small,0.470000,0.280000,0.800000,0.130000,0.312500,0.169388,0.600000,0.114920,0.428200,0.270998,0.650000,0.114920,0.130000,0.010303,0.003760,0.008867,0.001491,0.002720,0.390506,601,C,0.367697,609,C
High,Unknown,198.530000,1.050000,2.485810,6,No,Medium,0.470000,0.200000,0.800000,0.310000,0.207661,0.004838,0.200000,0.241271,0.410600,0.148843,0.350000,0.241271,0.310000,0.009879,0.002065,0.004774,0.003130,0.006487,0.342110,660,C,0.282997,672,C
High,Unknown,144.620000,2.370000,8.833530,25,Yes,Small,0.470000,0.200000,0.200000,0.130000,0.473790,0.276535,0.833333,0.884013,0.410600,0.416586,0.675000,0.884013,0.130000,0.009879,0.005780,0.009208,0.011469,0.002720,0.577141,165,B,0.611260,120,A
Low,Stable,162.170000,4.930000,3.819300,4,Yes,Large,0.180000,0.280000,0.200000,0.530000,0.989919,0.188086,0.133333,0.376294,0.202000,0.757388,0.150000,0.376294,0.530000,0.004860,0.010508,0.002046,0.004882,0.011091,0.486176,371,C,0.465125,413,C
Normal,Increasing,67.110000,4.550000,2.665010,20,No,Small,0.350000,0.360000,0.800000,0.130000,0.913306,0.667171,0.666667,0.259416,0.352200,0.841927,0.700000,0.259416,0.130000,0.008474,0.011681,0.009549,0.003366,0.002720,0.538193,248,B,0.553956,238,B
Normal,Stable,135.910000,1.020000,5.321200,11,Yes,Large,0.350000,0.280000,0.200000,0.530000,0.201613,0.320431,0.366667,0.528370,0.334600,0.236070,0.325000,0.528370,0.530000,0.008051,0.003275,0.004433,0.006855,0.011091,0.459419,440,C,0.414879,531,C
Normal,Unknown,28.290000,2.360000,3.343820,25,Yes,Small,0.350000,0.200000,0.200000,0.130000,0.471774,0.862816,0.833333,0.328149,0.317000,0.585176,0.675000,0.328149,0.130000,0.007627,0.008119,0.009208,0.004257,0.002720,0.480984,389,C,0.499259,348,B
High,Decreasing,94.660000,1.720000,5.901840,7,No,Small,0.470000,0.160000,0.800000,0.130000,0.342742,0.528324,0.233333,0.587163,0.401800,0.396561,0.375000,0.587163,0.130000,0.009667,0.005502,0.005115,0.007618,0.002720,0.444298,483,C,0.444883,458,C
High,Stable,169.010000,3.150000,8.810690,14,Yes,Medium,0.470000,0.280000,0.200000,0.310000,0.631048,0.153614,0.466667,0.881700,0.428200,0.492592,0.400000,0.881700,0.310000,0.010303,0.006834,0.005457,0.011439,0.006487,0.589088,147,B,0.589451,159,B
High,Decreasing,195.670000,1.130000,4.705040,13,Yes,Medium,0.470000,0.160000,0.200000,0.310000,0.223790,0.019252,0.433333,0.465980,0.401800,0.164474,0.375000,0.465980,0.310000,0.009667,0.002282,0.005115,0.006046,0.006487,0.398208,588,C,0.362588,619,C
Normal,Unknown,91.670000,1.630000,6.809720,18,Yes,Large,0.350000,0.200000,0.200000,0.530000,0.324597,0.543393,0.600000,0.679091,0.317000,0.388048,0.500000,0.679091,0.530000,0.007627,0.005384,0.006821,0.008811,0.011091,0.568255,182,B,0.550361,244,B
Low,Stable,146.230000,4.670000,1.623250,26,No,Small,0.180000,0.280000,0.800000,0.130000,0.937500,0.268421,0.866667,0.153932,0.202000,0.743467,0.850000,0.153932,0.130000,0.004860,0.010315,0.011595,0.001997,0.002720,0.494795,354,C,0.523398,300,B
Low,Stable,188.060000,2.440000,9.308380,16,Yes,Small,0.180000,0.280000,0.200000,0.130000,0.487903,0.057605,0.533333,0.932094,0.202000,0.363117,0.450000,0.932094,0.130000,0.004860,0.005038,0.006139,0.012093,0.002720,0.485869,373,C,0.531983,282,B
Low,Unknown,38.110000,0.710000,9.941740,23,No,Medium,0.180000,0.200000,0.800000,0.310000,0.139113,0.813325,0.766667,0.996225,0.184400,0.334634,0.775000,0.996225,0.310000,0.004437,0.004643,0.010572,0.012925,0.006487,0.587668,149,B,0.626489,105,A
Low,Ending,89.560000,0.020000,9.442400,6,No,Medium,0.180000,0.000000,0.800000,0.310000,0.000000,0.554027,0.200000,0.945664,0.140400,0.160668,0.350000,0.945664,0.310000,0.003378,0.002229,0.004774,0.012269,0.006487,0.451825,463,C,0.477605,389,C
Low,Stable,175.750000,4.150000,0.600830,14,No,Small,0.180000,0.280000,0.800000,0.130000,0.832661,0.119645,0.466667,0.050406,0.202000,0.625887,0.550000,0.050406,0.130000,0.004860,0.008683,0.007503,0.000654,0.002720,0.384927,612,C,0.402152,555,C
Normal,Stable,78.010000,3.360000,6.371650,16,No,Small,0.350000,0.280000,0.800000,0.130000,0.673387,0.612237,0.533333,0.634734,0.334600,0.655653,0.600000,0.634734,0.130000,0.008051,0.009096,0.008185,0.008235,0.002720,0.556541,212,B,0.596301,147,B
Normal,Ending,92.490000,1.120000,6.195450,19,No,Small,0.350000,0.000000,0.800000,0.130000,0.221774,0.539260,0.633333,0.616892,0.273000,0.313845,0.675000,0.616892,0.130000,0.006568,0.004354,0.009208,0.008004,0.002720,0.467873,420,C,0.501669,343,B
High,Stable,81.320000,0.170000,6.572000,5,No,Large,0.470000,0.280000,0.800000,0.530000,0.030242,0.595555,0.166667,0.655020,0.428200,0.194183,0.325000,0.655020,0.530000,0.010303,0.002694,0.004433,0.008498,0.011091,0.498527,345,B,0.453302,438,C
Low,Stable,173.700000,2.970000,5.327320,10,Yes,Small,0.180000,0.280000,0.200000,0.130000,0.594758,0.129977,0.333333,0.528989,0.202000,0.459972,0.300000,0.528989,0.130000,0.004860,0.006382,0.004092,0.006863,0.002720,0.376367,620,C,0.402850,552,C
Normal,Stable,96.170000,2.800000,0.733280,11,Yes,Medium,0.350000,0.280000,0.200000,0.310000,0.560484,0.520714,0.366667,0.063817,0.334600,0.548951,0.325000,0.063817,0.310000,0.008051,0.007616,0.004433,0.000828,0.006487,0.379128,618,C,0.348702,639,C
Low,Decreasing,164.880000,2.520000,9.085160,30,No,Medium,0.180000,0.160000,0.800000,0.310000,0.504032,0.174428,1.000000,0.909492,0.175600,0.408447,0.950000,0.909492,0.310000,0.004225,0.005667,0.012959,0.011800,0.006487,0.617343,107,A,0.664748,63,A
Normal,Decreasing,49.860000,4.460000,2.028430,11,No,Large,0.350000,0.160000,0.800000,0.530000,0.895161,0.754107,0.366667,0.194958,0.308200,0.854256,0.475000,0.194958,0.530000,0.007415,0.011852,0.006480,0.002529,0.011091,0.557771,209,B,0.527555,289,B
Low,Unknown,84.500000,3.170000,6.337500,1,No,Small,0.180000,0.200000,0.800000,0.130000,0.635081,0.579528,0.033333,0.631276,0.184400,0.618970,0.225000,0.631276,0.130000,0.004437,0.008587,0.003069,0.008190,0.002720,0.429271,519,C,0.464487,415,C
High,Increasing,167.790000,4.570000,2.973210,0,Yes,Small,0.470000,0.360000,0.200000,0.130000,0.917339,0.159762,0.000000,0.290623,0.445800,0.697641,0.050000,0.290623,0.130000,0.010726,0.009679,0.000682,0.003771,0.002720,0.412750,561,C,0.391193,573,C
Normal,Decreasing,176.620000,2.170000,8.181370,2,No,Small,0.350000,0.160000,0.800000,0.130000,0.433468,0.115261,0.066667,0.817978,0.308200,0.341188,0.250000,0.817978,0.130000,0.007415,0.004734,0.003410,0.010613,0.002720,0.438664,496,C,0.461504,423,C
High,Ending,169.200000,4.190000,1.699890,6,Yes,Small,0.470000,0.000000,0.200000,0.130000,0.840726,0.152656,0.200000,0.161692,0.366600,0.641186,0.200000,0.161692,0.130000,0.008820,0.008896,0.002728,0.002098,0.002720,0.374471,622,C,0.357295,628,C
Normal,Stable,191.380000,3.040000,7.178970,22,Yes,Large,0.350000,0.280000,0.200000,0.530000,0.608871,0.040873,0.733333,0.716479,0.334600,0.444152,0.600000,0.716479,0.530000,0.008051,0.006162,0.008185,0.009296,0.011091,0.622222,98,A,0.610812,121,A
Low,Decreasing,106.230000,0.160000,6.699330,20,Yes,Small,0.180000,0.160000,0.200000,0.130000,0.028226,0.470013,0.666667,0.667913,0.175600,0.156344,0.550000,0.667913,0.130000,0.004225,0.002169,0.007503,0.008666,0.002720,0.396484,592,C,0.434076,493,C
Low,Ending,123.940000,1.870000,2.561400,26,No,Small,0.180000,0.000000,0.800000,0.130000,0.372984,0.380758,0.866667,0.248925,0.140400,0.375238,0.850000,0.248925,0.130000,0.003378,0.005206,0.011595,0.003230,0.002720,0.421289,546,C,0.454555,434,C
Normal,Ending,5.460000,3.770000,0.772480,7,Yes,Large,0.350000,0.000000,0.200000,0.530000,0.756048,0.977875,0.233333,0.067787,0.273000,0.820378,0.225000,0.067787,0.530000,0.006568,0.011382,0.003069,0.000879,0.011091,0.471726,408,C,0.437927,481,C
Normal,Stable,8.460000,3.530000,2.040170,30,No,Large,0.350000,0.280000,0.800000,0.530000,0.707661,0.962756,1.000000,0.196147,0.334600,0.781639,0.950000,0.196147,0.530000,0.008051,0.010844,0.012959,0.002545,0.011091,0.631306,87,A,0.607018,126,A
High,Decreasing,10.990000,0.350000,6.891330,26,No,Medium,0.470000,0.160000,0.800000,0.310000,0.066532,0.950005,0.866667,0.687354,0.401800,0.322739,0.850000,0.687354,0.310000,0.009667,0.004478,0.011595,0.008918,0.006487,0.595534,131,A,0.600769,134,A
Normal,Increasing,20.440000,1.710000,5.204500,29,No,Small,0.350000,0.360000,0.800000,0.130000,0.340726,0.902379,0.966667,0.516553,0.352200,0.503605,0.925000,0.516553,0.130000,0.008474,0.006987,0.012618,0.006702,0.002720,0.561002,201,B,0.591647,156,B
High,Ending,167.370000,4.280000,7.468950,26,No,Medium,0.470000,0.000000,0.800000,0.310000,0.858871,0.161879,0.866667,0.745841,0.366600,0.656743,0.850000,0.745841,0.310000,0.008820,0.009111,0.011595,0.009677,0.006487,0.706180,23,A,0.735871,23,A
Normal,Decreasing,11.280000,1.380000,8.586930,6,Yes,Large,0.350000,0.160000,0.200000,0.530000,0.274194,0.948543,0.200000,0.859043,0.308200,0.469755,0.200000,0.859043,0.530000,0.007415,0.006517,0.002728,0.011145,0.011091,0.550555,230,B,0.535487,270,B
Normal,Increasing,135.260000,2.570000,0.973570,26,Yes,Large,0.350000,0.360000,0.200000,0.530000,0.514113,0.323707,0.866667,0.088148,0.352200,0.458895,0.700000,0.088148,0.530000,0.008474,0.006367,0.009549,0.001144,0.011091,0.502678,329,B,0.460684,426,C
Normal,Unknown,100.390000,3.700000,7.493700,3,Yes,Medium,0.350000,0.200000,0.200000,0.310000,0.741935,0.499446,0.100000,0.748348,0.317000,0.671613,0.125000,0.748348,0.310000,0.007627,0.009318,0.001705,0.009709,0.006487,0.515311,304,B,0.517571,313,B
Normal,Increasing,28.700000,3.600000,1.484920,12,Yes,Medium,0.350000,0.360000,0.200000,0.310000,0.721774,0.860750,0.400000,0.139925,0.352200,0.762077,0.350000,0.139925,0.310000,0.008474,0.010573,0.004774,0.001815,0.006487,0.462684,430,C,0.439953,473,C
Low,Unknown,179.200000,0.950000,7.044580,19,No,Large,0.180000,0.200000,0.800000,0.530000,0.187500,0.102258,0.633333,0.702872,0.184400,0.162780,0.675000,0.702872,0.530000,0.004437,0.002258,0.009208,0.009119,0.011091,0.519144,294,B,0.521869,303,B
Normal,Stable,161.360000,3.300000,5.115550,15,No,Small,0.350000,0.280000,0.800000,0.130000,0.661290,0.192168,0.500000,0.507547,0.334600,0.525245,0.575000,0.507547,0.130000,0.008051,0.007287,0.007844,0.006585,0.002720,0.487477,369,C,0.509904,328,B
High,Stable,65.470000,3.150000,9.522840,24,No,Large,0.470000,0.280000,0.800000,0.530000,0.631048,0.675436,0.800000,0.953809,0.428200,0.643921,0.800000,0.953809,0.530000,0.010303,0.008934,0.010913,0.012375,0.011091,0.803467,2,A,0.802154,5,A
Low,Ending,34.900000,0.320000,7.711490,12,Yes,Small,0.180000,0.000000,0.200000,0.130000,0.060484,0.829503,0.400000,0.770400,0.140400,0.283499,0.350000,0.770400,0.130000,0.003378,0.003933,0.004774,0.009995,0.002720,0.399946,584,C,0.442582,466,C
High,Decreasing,7.520000,4.910000,5.942890,22,Yes,Small,0.470000,0.160000,0.200000,0.130000,0.985887,0.967493,0.733333,0.591319,0.401800,0.980553,0.600000,0.591319,0.130000,0.009667,0.013604,0.008185,0.007672,0.002720,0.623677,95,A,0.654933,73,A
High,Unknown,38.500000,1.010000,7.896000,3,Yes,Small,0.470000,0.200000,0.200000,0.130000,0.199597,0.811360,0.100000,0.789083,0.410600,0.377008,0.125000,0.789083,0.130000,0.009879,0.005231,0.001705,0.010238,0.002720,0.442433,487,C,0.445347,457,C
High,Unknown,31.770000,3.370000,5.579120,23,No,Medium,0.470000,0.200000,0.800000,0.310000,0.675403,0.845278,0.766667,0.554486,0.410600,0.724667,0.775000,0.554486,0.310000,0.009879,0.010054,0.010572,0.007194,0.006487,0.669499,48,A,0.678667,53,A
Low,Ending,7.390000,1.400000,5.422750,11,No,Large,0.180000,0.000000,0.800000,0.530000,0.278226,0.968148,0.366667,0.538652,0.140400,0.478303,0.475000,0.538652,0.530000,0.003378,0.006636,0.006480,0.006989,0.011091,0.508807,315,B,0.509699,329,B
Normal,Ending,6.240000,2.160000,2.546220,6,Yes,Small,0.350000,0.000000,0.200000,0.130000,0.431452,0.973944,0.200000,0.247388,0.273000,0.588774,0.200000,0.247388,0.130000,0.006568,0.008169,0.002728,0.003210,0.002720,0.345832,656,C,0.345414,643,C
Low,Decreasing,87.740000,4.460000,1.843450,4,No,Small,0.180000,0.160000,0.800000,0.130000,0.895161,0.563199,0.133333,0.176228,0.175600,0.798892,0.300000,0.176228,0.130000,0.004225,0.011084,0.004092,0.002286,0.002720,0.398465,586,C,0.416208,525,C
Low,Increasing,181.470000,4.370000,4.241800,14,No,Large,0.180000,0.360000,0.800000,0.530000,0.877016,0.090817,0.466667,0.419075,0.219600,0.649019,0.550000,0.419075,0.530000,0.005284,0.009004,0.007503,0.005437,0.011091,0.562491,198,B,0.554224,237,B
Low,Stable,181.490000,0.780000,1.634910,22,Yes,Small,0.180000,0.280000,0.200000,0.130000,0.153226,0.090717,0.733333,0.155112,0.202000,0.135098,0.600000,0.155112,0.130000,0.004860,0.001874,0.008185,0.002012,0.002720,0.291591,677,C,0.303376,663,C
Low,Stable,57.110000,0.770000,8.339950,14,No,Large,0.180000,0.280000,0.800000,0.530000,0.151210,0.717569,0.466667,0.834035,0.202000,0.315454,0.550000,0.834035,0.530000,0.004860,0.004377,0.007503,0.010821,0.011091,0.561205,199,B,0.569440,206,B
Low,Decreasing,27.810000,3.140000,1.933300,28,No,Large,0.180000,0.160000,0.800000,0.530000,0.629032,0.865235,0.933333,0.185326,0.175600,0.697531,0.900000,0.185326,0.530000,0.004225,0.009677,0.012277,0.002404,0.011091,0.570907,176,B,0.568660,208,B
Low,Decreasing,53.980000,4.200000,0.278620,1,No,Medium,0.180000,0.160000,0.800000,0.310000,0.842742,0.733343,0.033333,0.017780,0.175600,0.811016,0.225000,0.017780,0.310000,0.004225,0.011252,0.003069,0.000231,0.006487,0.397666,589,C,0.397873,562,C
High,Increasing,161.940000,3.790000,9.547560,15,No,Large,0.470000,0.360000,0.800000,0.530000,0.760081,0.189245,0.500000,0.956312,0.445800,0.594538,0.575000,0.956312,0.530000,0.010726,0.008248,0.007844,0.012407,0.011091,0.726733,14,A,0.714072,34,A
High,Increasing,10.840000,3.780000,8.590700,25,No,Small,0.470000,0.360000,0.800000,0.130000,0.758065,0.950761,0.833333,0.859425,0.445800,0.813946,0.825000,0.859425,0.130000,0.010726,0.011292,0.011254,0.011150,0.002720,0.692117,29,A,0.753951,16,A
High,Decreasing,95.880000,4.780000,9.481380,11,Yes,Medium,0.470000,0.160000,0.200000,0.310000,0.959677,0.522175,0.366667,0.949611,0.401800,0.832802,0.325000,0.949611,0.310000,0.009667,0.011554,0.004433,0.012320,0.006487,0.651600,63,A,0.656643,71,A
High,Unknown,156.650000,2.530000,6.843180,1,Yes,Large,0.470000,0.200000,0.200000,0.530000,0.506048,0.215906,0.033333,0.682479,0.410600,0.421907,0.075000,0.682479,0.530000,0.009879,0.005853,0.001023,0.008855,0.011091,0.501172,335,B,0.461470,424,C
Normal,Increasing,44.720000,2.770000,2.066840,17,Yes,Small,0.350000,0.360000,0.200000,0.130000,0.554435,0.780012,0.566667,0.198848,0.352200,0.619853,0.475000,0.198848,0.130000,0.008474,0.008600,0.006480,0.002580,0.002720,0.425352,529,C,0.421876,515,C
High,Stable,100.460000,4.490000,2.155180,8,Yes,Small,0.470000,0.280000,0.200000,0.130000,0.901210,0.499093,0.266667,0.207793,0.428200,0.784596,0.250000,0.207793,0.130000,0.010303,0.010885,0.003410,0.002696,0.002720,0.445675,477,C,0.430005,501,C
Low,Ending,42.740000,1.350000,7.467790,9,No,Medium,0.180000,0.000000,0.800000,0.310000,0.268145,0.789991,0.300000,0.745724,0.140400,0.419480,0.425000,0.745724,0.310000,0.003378,0.005820,0.005798,0.009675,0.006487,0.477403,398,C,0.511924,324,B
Low,Decreasing,41.550000,1.490000,0.293780,3,No,Medium,0.180000,0.160000,0.800000,0.310000,0.296371,0.795988,0.100000,0.019316,0.175600,0.441260,0.275000,0.019316,0.310000,0.004225,0.006122,0.003751,0.000251,0.006487,0.287738,679,C,0.274642,678,C
Low,Increasing,7.420000,4.880000,6.354460,0,Yes,Large,0.180000,0.360000,0.200000,0.530000,0.979839,0.967997,0.000000,0.632993,0.219600,0.976405,0.050000,0.632993,0.530000,0.005284,0.013546,0.000682,0.008213,0.011091,0.556719,211,B,0.548934,248,B
Normal,Unknown,137.290000,3.900000,9.934950,0,No,Large,0.350000,0.200000,0.800000,0.530000,0.782258,0.313476,0.000000,0.995538,0.317000,0.646311,0.200000,0.995538,0.530000,0.007627,0.008967,0.002728,0.012916,0.011091,0.611106,110,A,0.598056,143,B
High,Ending,181.400000,3.010000,9.285480,10,No,Large,0.470000,0.000000,0.800000,0.530000,0.602823,0.091170,0.333333,0.929775,0.366600,0.454443,0.450000,0.929775,0.530000,0.008820,0.006305,0.006139,0.012063,0.011091,0.632990,85,A,0.619531,115,A
Normal,Unknown,2.710000,3.830000,2.773930,30,No,Large,0.350000,0.200000,0.800000,0.530000,0.768145,0.991735,1.000000,0.270445,0.317000,0.832986,0.950000,0.270445,0.530000,0.007627,0.011557,0.012959,0.003509,0.011091,0.657219,58,A,0.638963,92,A
Low,Ending,150.570000,3.400000,5.425030,26,Yes,Small,0.180000,0.000000,0.200000,0.130000,0.681452,0.246548,0.866667,0.538883,0.140400,0.555329,0.700000,0.538883,0.130000,0.003378,0.007704,0.009549,0.006992,0.002720,0.485548,375,C,0.542914,255,B
High,Stable,37.500000,2.000000,7.346390,8,Yes,Medium,0.470000,0.280000,0.200000,0.310000,0.399194,0.816400,0.266667,0.733432,0.428200,0.520183,0.250000,0.733432,0.310000,0.010303,0.007217,0.003410,0.009516,0.006487,0.529239,278,B,0.516521,315,B
High,Increasing,109.340000,0.500000,4.542900,16,No,Medium,0.470000,0.360000,0.800000,0.310000,0.096774,0.454339,0.533333,0.449563,0.445800,0.200468,0.600000,0.449563,0.310000,0.010726,0.002781,0.008185,0.005833,0.006487,0.468156,418,C,0.438822,476,C
Low,Ending,61.180000,4.360000,6.229660,17,Yes,Large,0.180000,0.000000,0.200000,0.530000,0.875000,0.697057,0.566667,0.620356,0.140400,0.823396,0.475000,0.620356,0.530000,0.003378,0.011424,0.006480,0.008049,0.011091,0.605573,117,A,0.629683,100,A
Low,Decreasing,7.430000,2.200000,7.377740,2,No,Large,0.180000,0.160000,0.800000,0.530000,0.439516,0.967947,0.066667,0.736606,0.175600,0.592761,0.250000,0.736606,0.530000,0.004225,0.008224,0.003410,0.009557,0.011091,0.536745,254,B,0.539105,264,B
High,Unknown,174.240000,1.920000,4.470690,15,Yes,Small,0.470000,0.200000,0.200000,0.130000,0.383065,0.127255,0.500000,0.442251,0.410600,0.308880,0.425000,0.442251,0.130000,0.009879,0.004285,0.005798,0.005738,0.002720,0.401777,578,C,0.386737,580,C
High,Decreasing,173.160000,4.500000,9.462960,26,No,Small,0.470000,0.160000,0.800000,0.130000,0.903226,0.132698,0.866667,0.947746,0.401800,0.679773,0.850000,0.947746,0.130000,0.009667,0.009431,0.011595,0.012296,0.002720,0.675397,41,A,0.734086,24,A
Low,Unknown,37.070000,4.300000,7.252620,18,Yes,Large,0.180000,0.200000,0.200000,0.530000,0.862903,0.818567,0.600000,0.723937,0.184400,0.850046,0.500000,0.723937,0.530000,0.004437,0.011793,0.006821,0.009393,0.011091,0.653345,61,A,0.679410,52,A
Normal,Stable,174.120000,3.390000,6.307540,19,Yes,Large,0.350000,0.280000,0.200000,0.530000,0.679435,0.127860,0.633333,0.628242,0.334600,0.519479,0.525000,0.628242,0.530000,0.008051,0.007207,0.007162,0.008151,0.011091,0.605937,114,A,0.587870,164,B
Low,Ending,190.020000,2.150000,5.151500,30,No,Small,0.180000,0.000000,0.800000,0.130000,0.429435,0.047727,1.000000,0.511187,0.140400,0.318740,0.950000,0.511187,0.130000,0.003378,0.004422,0.012959,0.006632,0.002720,0.480071,390,C,0.524601,298,B
Low,Unknown,100.400000,1.690000,9.386670,4,No,Medium,0.180000,0.200000,0.800000,0.310000,0.336694,0.499395,0.133333,0.940021,0.184400,0.383877,0.300000,0.940021,0.310000,0.004437,0.005326,0.004092,0.012196,0.006487,0.495663,351,C,0.521285,304,B
Normal,Decreasing,26.070000,2.520000,9.064170,16,Yes,Small,0.350000,0.160000,0.200000,0.130000,0.504032,0.874005,0.533333,0.907366,0.308200,0.611324,0.450000,0.907366,0.130000,0.007415,0.008481,0.006139,0.011772,0.002720,0.560694,202,B,0.604844,129,A
Low,Stable,98.480000,1.930000,1.730040,15,Yes,Medium,0.180000,0.280000,0.200000,0.310000,0.385081,0.509072,0.500000,0.164745,0.202000,0.421038,0.425000,0.164745,0.310000,0.004860,0.005841,0.005798,0.002137,0.006487,0.345220,657,C,0.335218,650,C
Low,Increasing,44.970000,4.770000,7.396200,28,No,Large,0.180000,0.360000,0.800000,0.530000,0.957661,0.778752,0.933333,0.738475,0.219600,0.905778,0.900000,0.738475,0.530000,0.005284,0.012567,0.012277,0.009581,0.011091,0.765045,4,A,0.813110,3,A
Low,Increasing,194.980000,4.160000,2.251570,19,No,Large,0.180000,0.360000,0.800000,0.530000,0.834677,0.022730,0.633333,0.217553,0.219600,0.599213,0.675000,0.217553,0.530000,0.005284,0.008313,0.009208,0.002823,0.011091,0.528752,279,B,0.511062,325,B
High,Increasing,55.550000,1.530000,0.190910,16,No,Small,0.470000,0.360000,0.800000,0.130000,0.304435,0.725431,0.533333,0.008899,0.445800,0.426524,0.600000,0.008899,0.130000,0.010726,0.005917,0.008185,0.000115,0.002720,0.401677,580,C,0.379226,589,C
Normal,Unknown,119.230000,2.130000,7.510310,0,No,Small,0.350000,0.200000,0.800000,0.130000,0.425403,0.404496,0.000000,0.750029,0.317000,0.419340,0.200000,0.750029,0.130000,0.007627,0.005818,0.002728,0.009731,0.002720,0.432490,512,C,0.450769,445,C
High,Decreasing,136.430000,0.130000,9.768680,27,Yes,Small,0.470000,0.160000,0.200000,0.130000,0.022177,0.317811,0.900000,0.978702,0.401800,0.107911,0.725000,0.978702,0.130000,0.009667,0.001497,0.009890,0.012698,0.002720,0.528520,280,B,0.547196,250,B
High,Decreasing,33.490000,4.780000,2.933950,21,No,Medium,0.470000,0.160000,0.800000,0.310000,0.959677,0.836609,0.700000,0.286647,0.401800,0.923988,0.725000,0.286647,0.310000,0.009667,0.012819,0.009890,0.003719,0.006487,0.619296,105,A,0.609507,124,A
High,Unknown,41.160000,3.340000,2.030270,20,No,Medium,0.470000,0.200000,0.800000,0.310000,0.669355,0.797954,0.666667,0.195145,0.410600,0.706649,0.700000,0.195145,0.310000,0.009879,0.009804,0.009549,0.002532,0.006487,0.549569,233,B,0.530742,284,B
Low,Decreasing,112.070000,3.490000,6.056370,25,Yes,Small,0.180000,0.160000,0.200000,0.130000,0.699597,0.440581,0.833333,0.602810,0.175600,0.624482,0.675000,0.602810,0.130000,0.004225,0.008664,0.009208,0.007821,0.002720,0.518798,295,B,0.579728,177,B
High,Ending,143.270000,1.420000,9.253980,23,Yes,Small,0.470000,0.000000,0.200000,0.130000,0.282258,0.283338,0.766667,0.926586,0.366600,0.282571,0.625000,0.926586,0.130000,0.008820,0.003920,0.008526,0.012022,0.002720,0.534688,261,B,0.564043,221,B
Low,Unknown,96.670000,2.970000,2.612200,14,Yes,Large,0.180000,0.200000,0.200000,0.530000,0.594758,0.518194,0.466667,0.254068,0.184400,0.572554,0.400000,0.254068,0.530000,0.004437,0.007943,0.005457,0.003296,0.011091,0.463138,428,C,0.436736,486,C
Low,Ending,61.870000,0.620000,7.958190,0,Yes,Large,0.180000,0.000000,0.200000,0.530000,0.120968,0.693579,0.000000,0.795380,0.140400,0.287025,0.050000,0.795380,0.530000,0.003378,0.003982,0.000682,0.010319,0.011091,0.441655,490,C,0.437923,482,C
Low,Stable,4.440000,4.480000,5.231120,24,Yes,Small,0.180000,0.280000,0.200000,0.130000,0.899194,0.983016,0.800000,0.519249,0.202000,0.923502,0.650000,0.519249,0.130000,0.004860,0.012812,0.008867,0.006737,0.002720,0.566449,186,B,0.620373,113,A
Normal,Stable,163.140000,4.600000,0.514140,16,No,Large,0.350000,0.280000,0.800000,0.530000,0.923387,0.183197,0.533333,0.041628,0.334600,0.708732,0.600000,0.041628,0.530000,0.008051,0.009833,0.008185,0.000540,0.011091,0.524279,288,B,0.490000,365,C
Low,Increasing,155.350000,1.880000,4.396100,0,Yes,Small,0.180000,0.360000,0.200000,0.130000,0.375000,0.222457,0.000000,0.434698,0.219600,0.330763,0.050000,0.434698,0.130000,0.005284,0.004589,0.000682,0.005640,0.002720,0.273941,684,C,0.282799,674,C
Low,Increasing,148.570000,0.960000,2.223010,23,No,Large,0.180000,0.360000,0.800000,0.530000,0.189516,0.256627,0.766667,0.214661,0.219600,0.208978,0.775000,0.214661,0.530000,0.005284,0.002899,0.010572,0.002785,0.011091,0.461147,433,C,0.438280,479,C
High,Increasing,144.530000,2.670000,4.594550,17,Yes,Small,0.470000,0.360000,0.200000,0.130000,0.534274,0.276988,0.566667,0.454792,0.445800,0.459661,0.475000,0.454792,0.130000,0.010726,0.006377,0.006480,0.005901,0.002720,0.463842,427,C,0.455320,432,C
Low,Unknown,11.260000,3.980000,0.529180,4,Yes,Small,0.180000,0.200000,0.200000,0.130000,0.798387,0.948644,0.133333,0.043151,0.184400,0.841962,0.150000,0.043151,0.130000,0.004437,0.011681,0.002046,0.000560,0.002720,0.372213,626,C,0.384348,582,C
High,Increasing,143.120000,4.930000,1.293210,4,Yes,Small,0.470000,0.360000,0.200000,0.130000,0.989919,0.284094,0.133333,0.120513,0.445800,0.785230,0.150000,0.120513,0.130000,0.010726,0.010894,0.002046,0.001564,0.002720,0.421388,545,C,0.398019,561,C
High,Decreasing,122.530000,0.380000,0.267890,29,No,Small,0.470000,0.160000,0.800000,0.130000,0.072581,0.387864,0.966667,0.016694,0.401800,0.164013,0.925000,0.016694,0.130000,0.009667,0.002275,0.012618,0.000217,0.002720,0.417295,552,C,0.412140,536,C
Normal,Increasing,136.590000,1.180000,6.793590,20,Yes,Large,0.350000,0.360000,0.200000,0.530000,0.233871,0.317004,0.666667,0.677457,0.352200,0.257980,0.550000,0.677457,0.530000,0.008474,0.003579,0.007503,0.008789,0.011091,0.550738,229,B,0.526532,293,B
Normal,Increasing,80.320000,3.950000,4.470090,14,No,Large,0.350000,0.360000,0.800000,0.530000,0.792339,0.600595,0.466667,0.442190,0.352200,0.736733,0.550000,0.442190,0.530000,0.008474,0.010221,0.007503,0.005737,0.011091,0.625616,93,A,0.600676,135,A
Normal,Stable,172.480000,3.360000,2.937170,9,No,Medium,0.350000,0.280000,0.800000,0.310000,0.673387,0.136125,0.300000,0.286973,0.334600,0.517581,0.425000,0.286973,0.310000,0.008051,0.007181,0.005798,0.003723,0.006487,0.437432,501,C,0.415501,527,C
Low,Ending,36.290000,0.420000,8.492100,19,No,Large,0.180000,0.000000,0.800000,0.530000,0.080645,0.822498,0.633333,0.849441,0.140400,0.295782,0.675000,0.849441,0.530000,0.003378,0.004104,0.009208,0.011021,0.011091,0.566913,184,B,0.589288,160,B
Normal,Decreasing,163.800000,1.540000,9.911630,29,No,Medium,0.350000,0.160000,0.800000,0.310000,0.306452,0.179871,0.966667,0.993176,0.308200,0.269743,0.925000,0.993176,0.310000,0.007415,0.003742,0.012618,0.012886,0.006487,0.621315,99,A,0.639474,90,A
Low,Stable,25.160000,1.280000,0.842220,11,Yes,Small,0.180000,0.280000,0.200000,0.130000,0.254032,0.878591,0.366667,0.074848,0.202000,0.435154,0.325000,0.074848,0.130000,0.004860,0.006037,0.004433,0.000971,0.002720,0.269649,686,C,0.272869,679,C
High,Unknown,193.920000,2.840000,4.999670,4,Yes,Large,0.470000,0.200000,0.200000,0.530000,0.568548,0.028072,0.133333,0.495813,0.410600,0.411810,0.150000,0.495813,0.530000,0.009879,0.005713,0.002046,0.006433,0.011091,0.476034,401,C,0.419829,518,C
Normal,Increasing,188.190000,2.890000,1.726270,28,Yes,Small,0.350000,0.360000,0.200000,0.130000,0.578629,0.056950,0.933333,0.164363,0.352200,0.427342,0.750000,0.164363,0.130000,0.008474,0.005929,0.010231,0.002132,0.002720,0.435684,506,C,0.437272,483,C
Normal,Decreasing,50.930000,2.320000,5.734490,21,No,Large,0.350000,0.160000,0.800000,0.530000,0.463710,0.748715,0.700000,0.570218,0.308200,0.546361,0.725000,0.570218,0.530000,0.007415,0.007580,0.009890,0.007398,0.011091,0.640525,75,A,0.633300,96,A
Normal,Ending,103.510000,3.270000,3.416310,16,No,Small,0.350000,0.000000,0.800000,0.130000,0.655242,0.483721,0.533333,0.335489,0.273000,0.605501,0.600000,0.335489,0.130000,0.006568,0.008401,0.008185,0.004353,0.002720,0.459443,439,C,0.482051,378,C
Low,Decreasing,144.110000,0.800000,1.096930,30,No,Medium,0.180000,0.160000,0.800000,0.310000,0.157258,0.279105,1.000000,0.100639,0.175600,0.192594,0.950000,0.100639,0.310000,0.004225,0.002672,0.012959,0.001306,0.006487,0.424012,534,C,0.427993,503,C
Low,Decreasing,47.010000,1.610000,9.528370,18,No,Large,0.180000,0.160000,0.800000,0.530000,0.320565,0.768471,0.600000,0.954369,0.175600,0.450457,0.650000,0.954369,0.530000,0.004225,0.006250,0.008867,0.012382,0.011091,0.628836,90,A,0.654988,72,A
High,Unknown,57.390000,3.100000,3.240600,18,No,Medium,0.470000,0.200000,0.800000,0.310000,0.620968,0.716158,0.600000,0.317697,0.410600,0.648573,0.650000,0.317697,0.310000,0.009879,0.008998,0.008867,0.004122,0.006487,0.556487,213,B,0.540531,260,B
High,Stable,19.090000,3.020000,8.972640,26,Yes,Medium,0.470000,0.280000,0.200000,0.310000,0.604839,0.909183,0.866667,0.898098,0.428200,0.693098,0.700000,0.898098,0.310000,0.010303,0.009616,0.009549,0.011652,0.006487,0.727900,13,A,0.753313,17,A
Normal,Increasing,107.810000,2.350000,0.693870,9,Yes,Large,0.350000,0.360000,0.200000,0.530000,0.469758,0.462050,0.300000,0.059827,0.352200,0.467523,0.275000,0.059827,0.530000,0.008474,0.006486,0.003751,0.000776,0.011091,0.415015,557,C,0.351213,637,C
Low,Decreasing,93.840000,3.800000,9.431300,2,No,Medium,0.180000,0.160000,0.800000,0.310000,0.762097,0.532456,0.066667,0.944540,0.175600,0.695501,0.250000,0.944540,0.310000,0.004225,0.009649,0.003410,0.012255,0.006487,0.553182,223,B,0.584068,169,B
High,Stable,185.060000,1.740000,3.879880,24,No,Large,0.470000,0.280000,0.800000,0.530000,0.346774,0.072725,0.800000,0.382428,0.428200,0.267300,0.800000,0.382428,0.530000,0.010303,0.003708,0.010913,0.004962,0.011091,0.554569,215,B,0.516615,314,B
Normal,Stable,102.290000,0.700000,2.127380,3,Yes,Small,0.350000,0.280000,0.200000,0.130000,0.137097,0.489870,0.100000,0.204978,0.334600,0.239401,0.125000,0.204978,0.130000,0.008051,0.003321,0.001705,0.002659,0.002720,0.236260,692,C,0.196000,694,C
Low,Decreasing,188.360000,2.610000,0.630820,21,Yes,Large,0.180000,0.160000,0.200000,0.530000,0.522177,0.056093,0.700000,0.053443,0.175600,0.387013,0.575000,0.053443,0.530000,0.004225,0.005369,0.007844,0.000693,0.011091,0.418880,550,C,0.389466,577,C
Normal,Stable,122.190000,2.680000,2.303670,8,Yes,Medium,0.350000,0.280000,0.200000,0.310000,0.536290,0.389578,0.266667,0.222828,0.334600,0.493744,0.250000,0.222828,0.310000,0.008051,0.006850,0.003410,0.002891,0.006487,0.375234,621,C,0.341320,646,C
High,Increasing,92.970000,4.620000,0.648960,0,Yes,Small,0.470000,0.360000,0.200000,0.130000,0.927419,0.536841,0.000000,0.055279,0.445800,0.814152,0.050000,0.055279,0.130000,0.010726,0.011295,0.000682,0.000717,0.002720,0.407687,569,C,0.387249,579,C
High,Decreasing,133.500000,3.740000,6.589720,18,No,Large,0.470000,0.160000,0.800000,0.530000,0.750000,0.332577,0.600000,0.656814,0.401800,0.628947,0.650000,0.656814,0.530000,0.009667,0.008726,0.008867,0.008522,0.011091,0.695091,28,A,0.679853,51,A
Normal,Decreasing,87.730000,4.470000,3.971940,13,No,Small,0.350000,0.160000,0.800000,0.130000,0.897177,0.563250,0.433333,0.391750,0.308200,0.800338,0.525000,0.391750,0.130000,0.007415,0.011104,0.007162,0.005083,0.002720,0.513146,307,B,0.536894,266,B
High,Increasing,190.350000,2.160000,9.728740,9,No,Large,0.470000,0.360000,0.800000,0.530000,0.431452,0.046064,0.300000,0.974658,0.445800,0.319689,0.425000,0.974658,0.530000,0.010726,0.004435,0.005798,0.012645,0.011091,0.607968,112,A,0.583033,170,B
Normal,Ending,115.100000,4.330000,7.867670,25,No,Medium,0.350000,0.000000,0.800000,0.310000,0.868952,0.425310,0.833333,0.786214,0.273000,0.740296,0.825000,0.786214,0.310000,0.006568,0.010271,0.011254,0.010201,0.006487,0.703887,24,A,0.756977,15,A
High,Stable,153.880000,3.730000,3.217770,2,No,Medium,0.470000,0.280000,0.800000,0.310000,0.747984,0.229866,0.066667,0.315386,0.428200,0.597730,0.250000,0.315386,0.310000,0.010303,0.008293,0.003410,0.004092,0.006487,0.454087,457,C,0.415604,526,C
Normal,Unknown,73.550000,0.050000,2.799750,3,Yes,Medium,0.350000,0.200000,0.200000,0.310000,0.006048,0.634714,0.100000,0.273059,0.317000,0.188361,0.125000,0.273059,0.310000,0.007627,0.002613,0.001705,0.003543,0.006487,0.272771,685,C,0.224667,693,C
Normal,Ending,17.960000,3.680000,4.179850,25,No,Large,0.350000,0.000000,0.800000,0.530000,0.737903,0.914878,0.833333,0.412802,0.273000,0.789226,0.825000,0.412802,0.530000,0.006568,0.010950,0.011254,0.005356,0.011091,0.664916,52,A,0.662019,65,A
High,Stable,132.340000,0.620000,6.016420,21,No,Small,0.470000,0.280000,0.800000,0.130000,0.120968,0.338424,0.700000,0.598765,0.428200,0.184030,0.725000,0.598765,0.130000,0.010303,0.002553,0.009890,0.007769,0.002720,0.481685,387,C,0.488984,367,C
Low,Ending,137.740000,1.040000,7.901530,1,Yes,Medium,0.180000,0.000000,0.200000,0.310000,0.205645,0.311209,0.033333,0.789643,0.140400,0.236259,0.075000,0.789643,0.310000,0.003378,0.003278,0.001023,0.010245,0.006487,0.383615,616,C,0.403081,551,C
Normal,Ending,81.990000,3.890000,6.163870,1,Yes,Large,0.350000,0.000000,0.200000,0.530000,0.780242,0.592178,0.033333,0.613695,0.273000,0.725703,0.075000,0.613695,0.530000,0.006568,0.010068,0.001023,0.007962,0.011091,0.525120,285,B,0.506880,333,B
High,Ending,65.940000,2.650000,2.335880,2,Yes,Large,0.470000,0.000000,0.200000,0.530000,0.530242,0.673067,0.066667,0.226090,0.366600,0.571661,0.100000,0.226090,0.530000,0.008820,0.007931,0.001364,0.002933,0.011091,0.440972,491,C,0.381957,586,C
Low,Unknown,72.540000,0.800000,1.907810,11,No,Medium,0.180000,0.200000,0.800000,0.310000,0.157258,0.639804,0.366667,0.182745,0.184400,0.297197,0.475000,0.182745,0.310000,0.004437,0.004123,0.006480,0.002371,0.006487,0.323830,670,C,0.315567,659,C
High,Ending,144.960000,4.670000,7.905130,14,Yes,Large,0.470000,0.000000,0.200000,0.530000,0.937500,0.274821,0.466667,0.790007,0.366600,0.745323,0.400000,0.790007,0.530000,0.008820,0.010340,0.005457,0.010250,0.011091,0.672702,45,A,0.659801,67,A
Low,Ending,144.910000,1.500000,1.015050,6,No,Large,0.180000,0.000000,0.800000,0.530000,0.298387,0.275073,0.200000,0.092348,0.140400,0.291626,0.350000,0.092348,0.530000,0.003378,0.004046,0.004774,0.001198,0.011091,0.351353,649,C,0.303365,664,C
Normal,Decreasing,172.510000,4.760000,8.171510,14,Yes,Large,0.350000,0.160000,0.200000,0.530000,0.955645,0.135974,0.466667,0.816980,0.308200,0.717941,0.400000,0.816980,0.530000,0.007415,0.009961,0.005457,0.010600,0.011091,0.656923,59,A,0.653421,74,A
Normal,Stable,184.980000,3.700000,4.156510,15,No,Small,0.350000,0.280000,0.800000,0.130000,0.741935,0.073128,0.500000,0.410438,0.334600,0.547981,0.575000,0.410438,0.130000,0.008051,0.007603,0.007844,0.005325,0.002720,0.470497,413,C,0.486189,371,C
High,Ending,114.860000,2.310000,3.368940,8,No,Medium,0.470000,0.000000,0.800000,0.310000,0.461694,0.426520,0.266667,0.330693,0.366600,0.451493,0.400000,0.330693,0.310000,0.008820,0.006264,0.005457,0.004290,0.006487,0.432021,513,C,0.402713,553,C
Normal,Decreasing,56.540000,3.780000,7.441260,15,No,Small,0.350000,0.160000,0.800000,0.130000,0.758065,0.720441,0.500000,0.743038,0.308200,0.747154,0.575000,0.743038,0.130000,0.007415,0.010366,0.007844,0.009640,0.002720,0.588691,148,B,0.641018,88,A
Normal,Stable,75.560000,1.720000,9.380710,5,Yes,Large,0.350000,0.280000,0.200000,0.530000,0.342742,0.624584,0.166667,0.939418,0.334600,0.424476,0.175000,0.939418,0.530000,0.008051,0.005889,0.002387,0.012188,0.011091,0.553311,221,B,0.534923,273,B
Normal,Increasing,38.980000,3.630000,7.033230,23,No,Large,0.350000,0.360000,0.800000,0.530000,0.727823,0.808941,0.766667,0.701722,0.352200,0.751347,0.775000,0.701722,0.530000,0.008474,0.010424,0.010572,0.009104,0.011091,0.764536,5,A,0.768698,10,A
Low,Stable,49.980000,1.670000,5.959060,21,No,Medium,0.180000,0.280000,0.800000,0.310000,0.332661,0.753503,0.700000,0.592957,0.202000,0.454705,0.725000,0.592957,0.310000,0.004860,0.006308,0.009890,0.007693,0.006487,0.537237,251,B,0.569611,205,B
Normal,Decreasing,34.880000,3.430000,9.199230,4,Yes,Large,0.350000,0.160000,0.200000,0.530000,0.687500,0.829604,0.133333,0.921042,0.308200,0.728710,0.150000,0.921042,0.530000,0.007415,0.010110,0.002046,0.011950,0.011091,0.602413,120,A,0.591441,157,B
Normal,Ending,199.170000,3.690000,5.462160,5,No,Medium,0.350000,0.000000,0.800000,0.310000,0.739919,0.001613,0.166667,0.542643,0.273000,0.525810,0.325000,0.542643,0.310000,0.006568,0.007295,0.004433,0.007040,0.006487,0.462917,429,C,0.464502,414,C
Low,Ending,8.110000,3.740000,2.309840,21,Yes,Small,0.180000,0.000000,0.200000,0.130000,0.750000,0.964520,0.700000,0.223453,0.140400,0.812211,0.575000,0.223453,0.130000,0.003378,0.011268,0.007844,0.002899,0.002720,0.457440,443,C,0.491132,364,C
Low,Stable,122.020000,3.130000,0.934740,21,Yes,Large,0.180000,0.280000,0.200000,0.530000,0.627016,0.390434,0.700000,0.084216,0.202000,0.558407,0.575000,0.084216,0.530000,0.004860,0.007747,0.007844,0.001093,0.011091,0.467354,421,C,0.440955,470,C
Normal,Decreasing,176.420000,4.740000,8.198620,20,Yes,Large,0.350000,0.160000,0.200000,0.530000,0.951613,0.116269,0.666667,0.819725,0.308200,0.709363,0.550000,0.819725,0.530000,0.007415,0.009842,0.007503,0.010635,0.011091,0.702689,25,A,0.708290,38,A
High,Decreasing,138.650000,4.010000,1.600360,27,Yes,Small,0.470000,0.160000,0.200000,0.130000,0.804435,0.306622,0.900000,0.151614,0.401800,0.660070,0.725000,0.151614,0.130000,0.009667,0.009158,0.009890,0.001967,0.002720,0.492490,357,C,0.492136,361,C
Low,Ending,87.830000,3.220000,7.567500,14,No,Small,0.180000,0.000000,0.800000,0.130000,0.645161,0.562746,0.466667,0.755820,0.140400,0.621261,0.550000,0.755820,0.130000,0.003378,0.008619,0.007503,0.009806,0.002720,0.515432,303,B,0.582909,171,B
Normal,Decreasing,117.070000,0.250000,5.035720,25,No,Small,0.350000,0.160000,0.800000,0.130000,0.046371,0.415382,0.833333,0.499463,0.308200,0.153384,0.825000,0.499463,0.130000,0.007415,0.002128,0.011254,0.006480,0.002720,0.450312,465,C,0.470793,399,C
High,Unknown,87.420000,1.340000,2.210360,13,Yes,Medium,0.470000,0.200000,0.200000,0.310000,0.266129,0.564812,0.433333,0.213380,0.410600,0.352747,0.375000,0.213380,0.310000,0.009879,0.004894,0.005115,0.002768,0.006487,0.387825,607,C,0.336729,649,C
High,Increasing,190.740000,0.040000,6.645080,6,No,Small,0.470000,0.360000,0.800000,0.130000,0.004032,0.044098,0.200000,0.662420,0.445800,0.015651,0.350000,0.662420,0.130000,0.010726,0.000217,0.004774,0.008594,0.002720,0.395786,594,C,0.387417,578,C
Low,Stable,154.640000,1.680000,0.807540,6,No,Large,0.180000,0.280000,0.800000,0.530000,0.334677,0.226036,0.200000,0.071337,0.202000,0.303171,0.350000,0.071337,0.530000,0.004860,0.004206,0.004774,0.000926,0.011091,0.359888,637,C,0.307477,661,C
High,Ending,165.650000,4.980000,3.624100,3,No,Small,0.470000,0.000000,0.800000,0.130000,1.000000,0.170547,0.100000,0.356529,0.366600,0.759459,0.275000,0.356529,0.130000,0.008820,0.010537,0.003751,0.004626,0.002720,0.456628,446,C,0.457068,429,C
Low,Ending,113.360000,0.540000,3.005800,14,Yes,Small,0.180000,0.000000,0.200000,0.130000,0.104839,0.434079,0.466667,0.293923,0.140400,0.200318,0.400000,0.293923,0.130000,0.003378,0.002779,0.005457,0.003813,0.002720,0.253599,690,C,0.267470,682,C
Normal,Ending,92.180000,1.890000,4.307770,5,No,Small,0.350000,0.000000,0.800000,0.130000,0.377016,0.540822,0.166667,0.425754,0.273000,0.424520,0.325000,0.425754,0.130000,0.006568,0.005890,0.004433,0.005524,0.002720,0.360314,636,C,0.368984,606,C
High,Ending,162.530000,0.410000,8.811770,19,No,Medium,0.470000,0.000000,0.800000,0.310000,0.078629,0.186272,0.633333,0.881809,0.366600,0.109845,0.675000,0.881809,0.310000,0.008820,0.001524,0.009208,0.011441,0.006487,0.534796,259,B,0.541227,259,B
Normal,Decreasing,24.890000,3.080000,7.893910,22,Yes,Medium,0.350000,0.160000,0.200000,0.310000,0.616935,0.879952,0.733333,0.788871,0.308200,0.693210,0.600000,0.788871,0.310000,0.007415,0.009617,0.008185,0.010235,0.006487,0.653727,60,A,0.685289,46,A
Normal,Unknown,150.340000,3.090000,4.764890,10,No,Medium,0.350000,0.200000,0.800000,0.310000,0.618952,0.247707,0.333333,0.472040,0.317000,0.511291,0.450000,0.472040,0.310000,0.007627,0.007094,0.006139,0.006124,0.006487,0.484234,378,C,0.478614,388,C
Low,Unknown,53.400000,1.380000,7.984760,6,Yes,Medium,0.180000,0.200000,0.200000,0.310000,0.274194,0.736267,0.200000,0.798070,0.184400,0.408195,0.200000,0.798070,0.310000,0.004437,0.005663,0.002728,0.010354,0.006487,0.449048,471,C,0.469872,402,C
Normal,Stable,64.070000,4.560000,3.310600,13,Yes,Large,0.350000,0.280000,0.200000,0.530000,0.915323,0.682492,0.433333,0.324785,0.334600,0.847802,0.375000,0.324785,0.530000,0.008051,0.011762,0.005115,0.004214,0.011091,0.570911,175,B,0.539536,262,B
Low,Increasing,58.770000,0.340000,7.909990,5,Yes,Medium,0.180000,0.360000,0.200000,0.310000,0.064516,0.709203,0.166667,0.790499,0.219600,0.251475,0.175000,0.790499,0.310000,0.005284,0.003489,0.002387,0.010256,0.006487,0.414424,559,C,0.427381,504,C
Normal,Increasing,9.820000,3.400000,7.660650,23,No,Medium,0.350000,0.360000,0.800000,0.310000,0.681452,0.955902,0.766667,0.765252,0.352200,0.761042,0.775000,0.765252,0.310000,0.008474,0.010559,0.010572,0.009929,0.006487,0.722421,15,A,0.758834,14,A
Low,Unknown,20.620000,3.680000,9.168760,17,Yes,Medium,0.180000,0.200000,0.200000,0.310000,0.737903,0.901472,0.566667,0.917957,0.184400,0.785338,0.475000,0.917957,0.310000,0.004437,0.010896,0.006480,0.011910,0.006487,0.623535,96,A,0.672607,57,A
High,Decreasing,154.400000,0.430000,5.975020,8,Yes,Small,0.470000,0.160000,0.200000,0.130000,0.082661,0.227245,0.266667,0.594573,0.401800,0.124591,0.250000,0.594573,0.130000,0.009667,0.001729,0.003410,0.007714,0.002720,0.364062,634,C,0.351061,638,C
High,Increasing,182.920000,1.120000,8.220080,27,Yes,Large,0.470000,0.360000,0.200000,0.530000,0.221774,0.083510,0.900000,0.821898,0.445800,0.181677,0.725000,0.821898,0.530000,0.010726,0.002521,0.009890,0.010663,0.011091,0.605820,115,A,0.585289,168,B
Low,Increasing,145.850000,4.830000,2.124760,7,No,Small,0.180000,0.360000,0.800000,0.130000,0.969758,0.270336,0.233333,0.204712,0.219600,0.766926,0.375000,0.204712,0.130000,0.005284,0.010640,0.005115,0.002656,0.002720,0.415695,556,C,0.432053,497,C
High,Ending,85.360000,4.830000,0.522350,6,Yes,Small,0.470000,0.000000,0.200000,0.130000,0.969758,0.575194,0.200000,0.042459,0.366600,0.855334,0.200000,0.042459,0.130000,0.008820,0.011867,0.002728,0.000551,0.002720,0.416443,553,C,0.408847,541,C
Low,Ending,129.470000,0.820000,8.481520,4,No,Large,0.180000,0.000000,0.800000,0.530000,0.161290,0.352888,0.133333,0.848370,0.140400,0.216854,0.300000,0.848370,0.530000,0.003378,0.003009,0.004092,0.011007,0.011091,0.478782,393,C,0.481515,380,C
Low,Increasing,32.670000,3.780000,8.684760,25,No,Large,0.180000,0.360000,0.800000,0.530000,0.758065,0.840742,0.833333,0.868949,0.219600,0.782041,0.825000,0.868949,0.530000,0.005284,0.010850,0.011254,0.011274,0.011091,0.758357,7,A,0.811689,4,A
Low,Decreasing,152.390000,0.580000,7.063580,9,No,Large,0.180000,0.160000,0.800000,0.530000,0.112903,0.237375,0.300000,0.704795,0.175600,0.149000,0.425000,0.704795,0.530000,0.004225,0.002067,0.005798,0.009144,0.011091,0.465584,425,C,0.458373,428,C
Normal,Decreasing,52.860000,3.000000,3.430450,21,No,Small,0.350000,0.160000,0.800000,0.130000,0.600806,0.738988,0.700000,0.336921,0.308200,0.640879,0.725000,0.336921,0.130000,0.007415,0.008891,0.009890,0.004371,0.002720,0.505966,322,B,0.529809,286,B
High,Ending,159.300000,0.520000,0.667880,4,Yes,Small,0.470000,0.000000,0.200000,0.130000,0.100806,0.202550,0.133333,0.057195,0.366600,0.130312,0.150000,0.057195,0.130000,0.008820,0.001808,0.002046,0.000742,0.002720,0.211474,696,C,0.149910,699,C
Normal,Increasing,107.690000,4.780000,0.878720,4,Yes,Small,0.350000,0.360000,0.200000,0.130000,0.959677,0.462655,0.133333,0.078544,0.352200,0.815541,0.150000,0.078544,0.130000,0.008474,0.011315,0.002046,0.001019,0.002720,0.400724,582,C,0.392012,572,C
Normal,Increasing,11.830000,1.780000,2.190530,15,Yes,Medium,0.350000,0.360000,0.200000,0.310000,0.354839,0.945772,0.500000,0.211372,0.352200,0.526209,0.425000,0.211372,0.310000,0.008474,0.007300,0.005798,0.002742,0.006487,0.428085,522,C,0.399770,558,C
Normal,Stable,21.060000,1.100000,0.285550,26,No,Medium,0.350000,0.280000,0.800000,0.310000,0.217742,0.899254,0.866667,0.018482,0.334600,0.415380,0.850000,0.018482,0.310000,0.008051,0.005763,0.011595,0.000240,0.006487,0.461098,434,C,0.452170,441,C
Normal,Ending,86.290000,3.740000,1.452830,21,Yes,Large,0.350000,0.000000,0.200000,0.530000,0.750000,0.570507,0.700000,0.136676,0.273000,0.697947,0.575000,0.136676,0.530000,0.006568,0.009683,0.007844,0.001773,0.011091,0.524783,287,B,0.495020,355,C
High,Stable,159.120000,0.120000,1.876930,16,No,Large,0.470000,0.280000,0.800000,0.530000,0.020161,0.203457,0.533333,0.179618,0.428200,0.073317,0.600000,0.179618,0.530000,0.010303,0.001017,0.008185,0.002330,0.011091,0.438388,497,C,0.378053,591,C
Normal,Increasing,188.990000,4.780000,1.077680,10,No,Large,0.350000,0.360000,0.800000,0.530000,0.959677,0.052918,0.333333,0.098690,0.352200,0.696717,0.450000,0.098690,0.530000,0.008474,0.009666,0.006139,0.001280,0.011091,0.507961,317,B,0.462566,420,C
Normal,Stable,97.850000,2.380000,7.547650,3,Yes,Large,0.350000,0.280000,0.200000,0.530000,0.475806,0.512247,0.100000,0.753810,0.334600,0.486374,0.125000,0.753810,0.530000,0.008051,0.006748,0.001705,0.009780,0.011091,0.523721,289,B,0.498174,350,B
Normal,Increasing,183.980000,3.770000,1.461580,3,Yes,Large,0.350000,0.360000,0.200000,0.530000,0.756048,0.078168,0.100000,0.137562,0.352200,0.559463,0.125000,0.137562,0.530000,0.008474,0.007762,0.001705,0.001785,0.011091,0.423934,535,C,0.363322,616,C
Low,Decreasing,23.510000,0.810000,0.412810,28,No,Large,0.180000,0.160000,0.800000,0.530000,0.159274,0.886907,0.933333,0.031368,0.175600,0.370288,0.900000,0.031368,0.530000,0.004225,0.005137,0.012277,0.000407,0.011091,0.478502,395,C,0.467531,409,C
Normal,Ending,80.210000,1.990000,3.451420,4,Yes,Medium,0.350000,0.000000,0.200000,0.310000,0.397177,0.601149,0.133333,0.339044,0.273000,0.456329,0.150000,0.339044,0.310000,0.006568,0.006331,0.002046,0.004399,0.006487,0.351402,648,C,0.330706,654,C
Low,Increasing,186.270000,3.150000,9.020290,3,No,Small,0.180000,0.360000,0.800000,0.130000,0.631048,0.066626,0.100000,0.902923,0.219600,0.467366,0.275000,0.902923,0.130000,0.005284,0.006484,0.003751,0.011715,0.002720,0.472248,407,C,0.513019,321,B
Low,Decreasing,138.650000,0.500000,8.773770,15,No,Medium,0.180000,0.160000,0.800000,0.310000,0.096774,0.306622,0.500000,0.877962,0.175600,0.157630,0.575000,0.877962,0.310000,0.004225,0.002187,0.007844,0.011391,0.006487,0.485962,372,C,0.516030,317,B
Normal,Unknown,77.500000,2.370000,9.454730,7,No,Small,0.350000,0.200000,0.800000,0.130000,0.473790,0.614807,0.233333,0.946913,0.317000,0.514685,0.375000,0.946913,0.130000,0.007627,0.007141,0.005115,0.012285,0.002720,0.531633,273,B,0.565081,218,B
Low,Decreasing,22.730000,4.270000,7.963840,25,No,Medium,0.180000,0.160000,0.800000,0.310000,0.856855,0.890838,0.833333,0.795952,0.175600,0.866710,0.825000,0.795952,0.310000,0.004225,0.012025,0.011254,0.010327,0.006487,0.689201,32,A,0.766188,12,A
Normal,Ending,179.080000,4.630000,8.822320,24,No,Small,0.350000,0.000000,0.800000,0.130000,0.929435,0.102863,0.800000,0.882878,0.273000,0.689729,0.800000,0.882878,0.130000,0.006568,0.009569,0.010913,0.011455,0.002720,0.634924,82,A,0.707762,40,A
High,Decreasing,175.210000,0.250000,5.184420,2,No,Large,0.470000,0.160000,0.800000,0.530000,0.046371,0.122367,0.066667,0.514520,0.401800,0.068410,0.250000,0.514520,0.530000,0.009667,0.000949,0.003410,0.006675,0.011091,0.426394,525,C,0.369798,604,C
Normal,Unknown,145.500000,3.860000,9.211140,14,No,Small,0.350000,0.200000,0.800000,0.130000,0.774194,0.272100,0.466667,0.922248,0.317000,0.628586,0.550000,0.922248,0.130000,0.007627,0.008721,0.007503,0.011965,0.002720,0.590723,140,A,0.640752,89,A
Low,Ending,171.140000,4.370000,3.808050,1,No,Large,0.180000,0.000000,0.800000,0.530000,0.877016,0.142879,0.033333,0.375155,0.140400,0.664116,0.225000,0.375155,0.530000,0.003378,0.009214,0.003069,0.004867,0.011091,0.466438,423,C,0.450316,446,C
Normal,Stable,183.130000,4.010000,8.106480,0,No,Medium,0.350000,0.280000,0.800000,0.310000,0.804435,0.082451,0.000000,0.810395,0.334600,0.595060,0.200000,0.810395,0.310000,0.008051,0.008256,0.002728,0.010514,0.006487,0.531283,275,B,0.534953,272,B
Normal,Ending,93.390000,2.840000,3.149920,26,No,Small,0.350000,0.000000,0.800000,0.130000,0.568548,0.534724,0.866667,0.308516,0.273000,0.558739,0.850000,0.308516,0.130000,0.006568,0.007752,0.011595,0.004003,0.002720,0.498924,343,B,0.526419,294,B
Low,Decreasing,17.590000,4.230000,0.378850,17,Yes,Small,0.180000,0.160000,0.200000,0.130000,0.848790,0.916742,0.566667,0.027929,0.175600,0.868496,0.475000,0.027929,0.130000,0.004225,0.012049,0.006480,0.000362,0.002720,0.427187,523,C,0.448662,448,C
Normal,Decreasing,158.650000,3.250000,0.594400,0,No,Large,0.350000,0.160000,0.800000,0.530000,0.651210,0.205826,0.000000,0.049755,0.308200,0.522048,0.200000,0.049755,0.530000,0.007415,0.007243,0.002728,0.000646,0.011091,0.403299,576,C,0.347182,641,C
Normal,Stable,166.270000,3.310000,7.584820,8,No,Medium,0.350000,0.280000,0.800000,0.310000,0.663306,0.167423,0.266667,0.757574,0.334600,0.519500,0.400000,0.757574,0.310000,0.008051,0.007207,0.005457,0.009829,0.006487,0.550955,228,B,0.559032,230,B
High,Ending,19.010000,2.870000,3.064020,4,No,Large,0.470000,0.000000,0.800000,0.530000,0.574597,0.909586,0.133333,0.299818,0.366600,0.671744,0.300000,0.299818,0.530000,0.008820,0.009320,0.004092,0.003890,0.011091,0.516929,301,B,0.470245,401,C
High,Unknown,73.990000,0.230000,9.536370,17,No,Small,0.470000,0.200000,0.800000,0.130000,0.042339,0.632497,0.566667,0.955179,0.410600,0.213485,0.625000,0.955179,0.130000,0.009879,0.002962,0.008526,0.012393,0.002720,0.531970,269,B,0.552201,240,B
Low,Unknown,109.670000,3.130000,8.727430,7,No,Medium,0.180000,0.200000,0.800000,0.310000,0.627016,0.452676,0.233333,0.873270,0.184400,0.576458,0.375000,0.873270,0.310000,0.004437,0.007998,0.005115,0.011330,0.006487,0.544645,241,B,0.580910,175,B
Low,Ending,160.920000,4.130000,5.600550,11,No,Large,0.180000,0.000000,0.800000,0.530000,0.828629,0.194386,0.366667,0.556656,0.140400,0.644698,0.475000,0.556656,0.530000,0.003378,0.008944,0.006480,0.007222,0.011091,0.553710,220,B,0.565329,216,B
Normal,Ending,20.060000,3.570000,5.661040,6,No,Large,0.350000,0.000000,0.800000,0.530000,0.715726,0.904294,0.200000,0.562780,0.273000,0.770411,0.350000,0.562780,0.530000,0.006568,0.010688,0.004774,0.007302,0.011091,0.590749,139,A,0.578099,182,B
Low,Unknown,50.520000,2.300000,4.132860,12,No,Medium,0.180000,0.200000,0.800000,0.310000,0.459677,0.750781,0.400000,0.408044,0.184400,0.544098,0.500000,0.408044,0.310000,0.004437,0.007549,0.006821,0.005294,0.006487,0.454806,454,C,0.469575,403,C
Normal,Increasing,44.260000,4.370000,9.678090,25,No,Medium,0.350000,0.360000,0.800000,0.310000,0.877016,0.782330,0.833333,0.969529,0.352200,0.849557,0.825000,0.969529,0.310000,0.008474,0.011787,0.011254,0.012579,0.006487,0.786400,3,A,0.835484,2,A
Normal,Increasing,195.850000,0.840000,8.176540,18,No,Medium,0.350000,0.360000,0.800000,0.310000,0.165323,0.018345,0.600000,0.817489,0.352200,0.122699,0.650000,0.817489,0.310000,0.008474,0.001702,0.008867,0.010606,0.006487,0.518360,296,B,0.524266,299,B
Normal,Ending,166.080000,0.650000,9.447290,23,No,Medium,0.350000,0.000000,0.800000,0.310000,0.127016,0.168380,0.766667,0.946159,0.273000,0.139012,0.775000,0.946159,0.310000,0.006568,0.001929,0.010572,0.012276,0.006487,0.551617,224,B,0.570677,203,B
High,Increasing,30.430000,3.500000,5.982820,0,No,Small,0.470000,0.360000,0.800000,0.130000,0.701613,0.852031,0.000000,0.595362,0.445800,0.745234,0.200000,0.595362,0.130000,0.010726,0.010339,0.002728,0.007724,0.002720,0.504631,324,B,0.505859,337,B
High,Unknown,5.800000,0.510000,2.470760,29,Yes,Medium,0.470000,0.200000,0.200000,0.310000,0.098790,0.976162,0.966667,0.239747,0.410600,0.353228,0.775000,0.239747,0.310000,0.009879,0.004901,0.010572,0.003111,0.006487,0.490142,362,C,0.467975,406,C
Low,Stable,176.510000,4.090000,2.423510,15,Yes,Large,0.180000,0.280000,0.200000,0.530000,0.820565,0.115815,0.500000,0.234963,0.202000,0.616187,0.425000,0.234963,0.530000,0.004860,0.008549,0.005798,0.003048,0.011091,0.479153,392,C,0.453069,439,C
Low,Increasing,92.800000,1.730000,4.254950,14,No,Medium,0.180000,0.360000,0.800000,0.310000,0.344758,0.537698,0.466667,0.420406,0.219600,0.400711,0.550000,0.420406,0.310000,0.005284,0.005559,0.007503,0.005454,0.006487,0.438029,499,C,0.445925,455,C
Normal,Stable,46.370000,1.180000,9.872180,3,No,Medium,0.350000,0.280000,0.800000,0.310000,0.233871,0.771696,0.100000,0.989182,0.334600,0.389840,0.275000,0.989182,0.310000,0.008051,0.005409,0.003751,0.012834,0.006487,0.533795,264,B,0.536699,268,B
Low,Decreasing,161.190000,3.830000,0.757090,27,No,Medium,0.180000,0.160000,0.800000,0.310000,0.768145,0.193025,0.900000,0.066228,0.175600,0.601360,0.875000,0.066228,0.310000,0.004225,0.008343,0.011936,0.000859,0.006487,0.483063,382,C,0.495196,354,C
Normal,Ending,9.930000,4.740000,5.518610,10,No,Small,0.350000,0.000000,0.800000,0.130000,0.951613,0.955347,0.333333,0.548359,0.273000,0.952696,0.450000,0.548359,0.130000,0.006568,0.013217,0.006139,0.007115,0.002720,0.554541,216,B,0.588689,161,B
Low,Decreasing,15.680000,0.960000,8.998110,18,Yes,Large,0.180000,0.160000,0.200000,0.530000,0.189516,0.926368,0.600000,0.900677,0.175600,0.403203,0.500000,0.900677,0.530000,0.004225,0.005594,0.006821,0.011686,0.011091,0.577681,163,B,0.594412,150,B
Normal,Stable,53.790000,3.750000,0.407820,17,No,Small,0.350000,0.280000,0.800000,0.130000,0.752016,0.734301,0.566667,0.030863,0.334600,0.746879,0.625000,0.030863,0.130000,0.008051,0.010362,0.008526,0.000400,0.002720,0.456476,448,C,0.462513,422,C
Low,Decreasing,146.040000,4.030000,0.797010,26,No,Small,0.180000,0.160000,0.800000,0.130000,0.808468,0.269378,0.866667,0.070270,0.175600,0.652132,0.850000,0.070270,0.130000,0.004225,0.009048,0.011595,0.000912,0.002720,0.457335,444,C,0.484782,372,C
Low,Ending,66.090000,4.640000,2.527910,18,No,Large,0.180000,0.000000,0.800000,0.530000,0.931452,0.672311,0.600000,0.245534,0.140400,0.856301,0.650000,0.245534,0.530000,0.003378,0.011880,0.008867,0.003186,0.011091,0.564198,194,B,0.567022,212,B
Low,Unknown,158.740000,0.610000,3.325010,16,Yes,Large,0.180000,0.200000,0.200000,0.530000,0.118952,0.205372,0.533333,0.326244,0.184400,0.144014,0.450000,0.326244,0.530000,0.004437,0.001998,0.006139,0.004233,0.011091,0.390198,602,C,0.352993,636,C
Normal,Unknown,16.740000,3.810000,2.951500,9,Yes,Medium,0.350000,0.200000,0.200000,0.310000,0.764113,0.921026,0.300000,0.288424,0.317000,0.809618,0.275000,0.288424,0.310000,0.007627,0.011232,0.003751,0.003742,0.006487,0.481444,388,C,0.468862,405,C
Normal,Stable,118.780000,1.660000,4.073140,4,No,Large,0.350000,0.280000,0.800000,0.530000,0.330645,0.406763,0.133333,0.401997,0.334600,0.352719,0.300000,0.401997,0.530000,0.008051,0.004894,0.004092,0.005216,0.011091,0.453202,458,C,0.400043,557,C
Low,Unknown,1.070000,1.430000,6.378840,30,Yes,Medium,0.180000,0.200000,0.200000,0.310000,0.284274,1.000000,1.000000,0.635462,0.184400,0.491835,0.800000,0.635462,0.310000,0.004437,0.006824,0.010913,0.008245,0.006487,0.568279,181,B,0.610614,122,A
High,Increasing,119.740000,2.950000,9.292650,13,No,Large,0.470000,0.360000,0.800000,0.530000,0.590726,0.401925,0.433333,0.930501,0.445800,0.535974,0.525000,0.930501,0.530000,0.010726,0.007436,0.007162,0.012073,0.011091,0.690604,30,A,0.674537,56,A
High,Decreasing,93.170000,0.520000,1.687330,12,Yes,Medium,0.470000,0.160000,0.200000,0.310000,0.100806,0.535833,0.400000,0.160420,0.401800,0.226964,0.350000,0.160420,0.310000,0.009667,0.003149,0.004774,0.002081,0.006487,0.338951,663,C,0.279000,676,C
High,Increasing,104.080000,3.790000,2.804310,2,No,Medium,0.470000,0.360000,0.800000,0.310000,0.760081,0.480849,0.066667,0.273521,0.445800,0.679103,0.250000,0.273521,0.310000,0.010726,0.009422,0.003410,0.003549,0.006487,0.471119,411,C,0.433049,495,C
Low,Stable,167.260000,4.520000,0.613100,28,Yes,Medium,0.180000,0.280000,0.200000,0.310000,0.907258,0.162433,0.933333,0.051648,0.202000,0.691259,0.750000,0.051648,0.310000,0.004860,0.009590,0.010231,0.000670,0.006487,0.480023,391,C,0.487982,369,C
Normal,Increasing,127.290000,4.620000,9.247810,16,No,Medium,0.350000,0.360000,0.800000,0.310000,0.927419,0.363875,0.533333,0.925961,0.352200,0.763991,0.600000,0.925961,0.310000,0.008474,0.010599,0.008185,0.012014,0.006487,0.708199,20,A,0.737673,22,A
Low,Stable,35.920000,1.740000,4.797100,7,Yes,Large,0.180000,0.280000,0.200000,0.530000,0.346774,0.824362,0.233333,0.475302,0.202000,0.485275,0.225000,0.475302,0.530000,0.004860,0.006733,0.003069,0.006167,0.011091,0.455947,450,C,0.430060,500,C
High,Decreasing,38.700000,4.580000,5.342160,24,No,Medium,0.470000,0.160000,0.800000,0.310000,0.919355,0.810352,0.800000,0.530492,0.401800,0.887744,0.800000,0.530492,0.310000,0.009667,0.012316,0.010913,0.006883,0.006487,0.699202,27,A,0.710233,36,A
High,Ending,159.680000,1.640000,7.656850,28,Yes,Small,0.470000,0.000000,0.200000,0.130000,0.326613,0.200635,0.933333,0.764867,0.366600,0.290079,0.750000,0.764867,0.130000,0.008820,0.004024,0.010231,0.009924,0.002720,0.530561,276,B,0.560380,228,B
High,Stable,133.730000,2.460000,3.703640,16,No,Medium,0.470000,0.280000,0.800000,0.310000,0.491935,0.331418,0.533333,0.364583,0.428200,0.445385,0.600000,0.364583,0.310000,0.010303,0.006179,0.008185,0.004730,0.006487,0.506418,319,B,0.481090,383,C
Normal,Decreasing,199.020000,3.100000,5.010720,18,Yes,Small,0.350000,0.160000,0.200000,0.130000,0.620968,0.002369,0.600000,0.496932,0.308200,0.441574,0.500000,0.496932,0.130000,0.007415,0.006126,0.006821,0.006447,0.002720,0.436722,505,C,0.454672,433,C
High,Increasing,147.580000,1.190000,8.952340,16,Yes,Large,0.470000,0.360000,0.200000,0.530000,0.235887,0.261617,0.533333,0.896043,0.445800,0.243349,0.450000,0.896043,0.530000,0.010726,0.003376,0.006139,0.011625,0.011091,0.582189,157,B,0.557175,233,B
Low,Unknown,19.570000,3.220000,0.796930,2,No,Medium,0.180000,0.200000,0.800000,0.310000,0.645161,0.906763,0.066667,0.070262,0.184400,0.721026,0.250000,0.070262,0.310000,0.004437,0.010003,0.003410,0.000912,0.006487,0.383628,615,C,0.379767,588,C
Low,Decreasing,15.550000,4.150000,7.413180,27,Yes,Medium,0.180000,0.160000,0.200000,0.310000,0.832661,0.927023,0.900000,0.740194,0.175600,0.860026,0.725000,0.740194,0.310000,0.004225,0.011932,0.009890,0.009603,0.006487,0.660575,55,A,0.727737,28,A
High,Stable,106.240000,4.760000,5.090230,2,No,Medium,0.470000,0.280000,0.800000,0.310000,0.955645,0.469963,0.066667,0.504983,0.428200,0.814797,0.250000,0.504983,0.310000,0.010303,0.011304,0.003410,0.006552,0.006487,0.549251,235,B,0.532116,281,B
Low,Increasing,99.930000,1.530000,4.448960,8,No,Small,0.180000,0.360000,0.800000,0.130000,0.304435,0.501764,0.266667,0.440051,0.219600,0.361661,0.400000,0.440051,0.130000,0.005284,0.005018,0.005457,0.005709,0.002720,0.350541,650,C,0.369955,603,C
High,Increasing,44.080000,0.140000,4.896340,15,Yes,Medium,0.470000,0.360000,0.200000,0.310000,0.024194,0.783238,0.500000,0.485350,0.445800,0.244316,0.425000,0.485350,0.310000,0.010726,0.003390,0.005798,0.006297,0.006487,0.446119,475,C,0.409300,540,C
High,Ending,125.930000,1.740000,7.235430,10,Yes,Large,0.470000,0.000000,0.200000,0.530000,0.346774,0.370729,0.333333,0.722196,0.366600,0.353721,0.300000,0.722196,0.530000,0.008820,0.004907,0.004092,0.009370,0.011091,0.531715,270,B,0.501109,345,B
Normal,Ending,147.520000,2.690000,2.699330,10,Yes,Large,0.350000,0.000000,0.200000,0.530000,0.538306,0.261919,0.333333,0.262891,0.273000,0.458154,0.300000,0.262891,0.530000,0.006568,0.006356,0.004092,0.003411,0.011091,0.434268,508,C,0.385268,581,C
Low,Stable,11.770000,0.780000,4.555530,29,No,Small,0.180000,0.280000,0.800000,0.130000,0.153226,0.946074,0.966667,0.450841,0.202000,0.383152,0.925000,0.450841,0.130000,0.004860,0.005316,0.012618,0.005849,0.002720,0.488615,367,C,0.527717,288,B
High,Ending,164.520000,1.530000,6.242960,17,No,Medium,0.470000,0.000000,0.800000,0.310000,0.304435,0.176242,0.566667,0.621703,0.366600,0.267259,0.625000,0.621703,0.310000,0.008820,0.003708,0.008526,0.008066,0.006487,0.510909,311,B,0.507914,332,B
Low,Stable,153.860000,0.250000,2.631810,5,Yes,Small,0.180000,0.280000,0.200000,0.130000,0.046371,0.229967,0.166667,0.256054,0.202000,0.099614,0.175000,0.256054,0.130000,0.004860,0.001382,0.002387,0.003322,0.002720,0.163671,699,C,0.159196,698,C
Low,Increasing,10.210000,3.460000,6.416140,28,No,Medium,0.180000,0.360000,0.800000,0.310000,0.693548,0.953936,0.933333,0.639239,0.219600,0.769061,0.900000,0.639239,0.310000,0.005284,0.010670,0.012277,0.008294,0.006487,0.667628,49,A,0.719918,31,A
High,Unknown,4.110000,1.470000,1.960450,12,No,Medium,0.470000,0.200000,0.800000,0.310000,0.292339,0.984679,0.400000,0.188075,0.410600,0.493117,0.500000,0.188075,0.310000,0.009879,0.006841,0.006821,0.002440,0.006487,0.449454,469,C,0.412955,534,C
Low,Increasing,116.130000,0.590000,0.315410,7,Yes,Medium,0.180000,0.360000,0.200000,0.310000,0.114919,0.420119,0.233333,0.021506,0.219600,0.203427,0.225000,0.021506,0.310000,0.005284,0.002822,0.003069,0.000279,0.006487,0.211288,697,C,0.176503,696,C
Low,Ending,66.520000,3.570000,8.191700,24,Yes,Large,0.180000,0.000000,0.200000,0.530000,0.715726,0.670144,0.800000,0.819024,0.140400,0.702507,0.650000,0.819024,0.530000,0.003378,0.009746,0.008867,0.010626,0.011091,0.658913,56,A,0.708397,37,A
Normal,Ending,70.230000,4.480000,0.835460,26,No,Large,0.350000,0.000000,0.800000,0.530000,0.899194,0.651446,0.866667,0.074164,0.273000,0.827347,0.850000,0.074164,0.530000,0.006568,0.011478,0.011595,0.000962,0.011091,0.582819,155,B,0.565026,219,B
Low,Stable,182.780000,0.860000,6.944590,22,Yes,Medium,0.180000,0.280000,0.200000,0.310000,0.169355,0.084215,0.733333,0.692747,0.202000,0.144664,0.600000,0.692747,0.310000,0.004860,0.002007,0.008185,0.008988,0.006487,0.452226,462,C,0.472900,397,C
Normal,Increasing,162.940000,1.250000,8.732820,22,No,Small,0.350000,0.360000,0.800000,0.130000,0.247984,0.184205,0.733333,0.873815,0.352200,0.229488,0.750000,0.873815,0.130000,0.008474,0.003184,0.010231,0.011337,0.002720,0.533347,265,B,0.565307,217,B
High,Unknown,14.110000,3.500000,3.856710,23,No,Large,0.470000,0.200000,0.800000,0.530000,0.701613,0.934281,0.766667,0.380082,0.410600,0.769087,0.775000,0.380082,0.530000,0.009879,0.010670,0.010572,0.004931,0.011091,0.674841,42,A,0.648018,76,A
Low,Stable,11.350000,4.380000,1.416140,29,No,Medium,0.180000,0.280000,0.800000,0.310000,0.879032,0.948191,0.966667,0.132961,0.202000,0.899088,0.925000,0.132961,0.310000,0.004860,0.012474,0.012618,0.001725,0.006487,0.566385,187,B,0.577083,188,B
High,Stable,71.990000,1.740000,2.137040,8,No,Large,0.470000,0.280000,0.800000,0.530000,0.346774,0.642576,0.266667,0.205956,0.428200,0.432557,0.400000,0.205956,0.530000,0.010303,0.006001,0.005457,0.002672,0.011091,0.475600,404,C,0.407738,544,C
Low,Unknown,23.200000,3.590000,2.045390,23,Yes,Large,0.180000,0.200000,0.200000,0.530000,0.719758,0.888469,0.766667,0.196676,0.184400,0.768684,0.625000,0.196676,0.530000,0.004437,0.010665,0.008526,0.002552,0.011091,0.542926,244,B,0.532676,280,B
Low,Decreasing,168.650000,0.540000,8.535070,19,No,Large,0.180000,0.160000,0.800000,0.530000,0.104839,0.155428,0.633333,0.853792,0.175600,0.119510,0.675000,0.853792,0.530000,0.004225,0.001658,0.009208,0.011077,0.011091,0.534219,263,B,0.543469,251,B
Low,Increasing,4.680000,0.270000,8.479540,15,Yes,Small,0.180000,0.360000,0.200000,0.130000,0.050403,0.981806,0.500000,0.848169,0.219600,0.320510,0.425000,0.848169,0.130000,0.005284,0.004447,0.005798,0.011004,0.002720,0.456558,447,C,0.498403,349,B
High,Ending,146.760000,1.210000,8.378840,2,Yes,Large,0.470000,0.000000,0.200000,0.530000,0.239919,0.265749,0.066667,0.837973,0.366600,0.247410,0.100000,0.837973,0.530000,0.008820,0.003433,0.001364,0.010872,0.011091,0.490487,360,C,0.462520,421,C
Low,Stable,121.180000,1.330000,5.182790,29,No,Large,0.180000,0.280000,0.800000,0.530000,0.264113,0.394668,0.966667,0.514355,0.202000,0.301974,0.925000,0.514355,0.530000,0.004860,0.004190,0.012618,0.006673,0.011091,0.564494,193,B,0.566530,214,B
Low,Increasing,51.460000,2.790000,2.770480,17,Yes,Large,0.180000,0.360000,0.200000,0.530000,0.558468,0.746044,0.566667,0.270095,0.219600,0.612865,0.475000,0.270095,0.530000,0.005284,0.008503,0.006480,0.003504,0.011091,0.500810,337,B,0.476585,391,C
Low,Stable,27.380000,4.800000,7.933650,22,Yes,Large,0.180000,0.280000,0.200000,0.530000,0.963710,0.867402,0.733333,0.792895,0.202000,0.935781,0.600000,0.792895,0.530000,0.004860,0.012983,0.008185,0.010287,0.011091,0.712551,18,A,0.748058,19,A
Normal,Stable,31.030000,4.240000,9.956160,11,Yes,Large,0.350000,0.280000,0.200000,0.530000,0.850806,0.849007,0.366667,0.997685,0.334600,0.850285,0.325000,0.997685,0.530000,0.008051,0.011797,0.004433,0.012944,0.011091,0.688963,33,A,0.680252,50,A
Low,Decreasing,184.390000,4.830000,1.417890,3,Yes,Medium,0.180000,0.160000,0.200000,0.310000,0.969758,0.076101,0.100000,0.133138,0.175600,0.710598,0.125000,0.133138,0.310000,0.004225,0.009859,0.001705,0.001727,0.006487,0.368707,630,C,0.363310,617,C
High,Decreasing,129.700000,3.100000,3.064940,17,Yes,Small,0.470000,0.160000,0.200000,0.130000,0.620968,0.351729,0.566667,0.299911,0.401800,0.542888,0.475000,0.299911,0.130000,0.009667,0.007532,0.006480,0.003891,0.002720,0.438800,495,C,0.429517,502,C
Normal,Decreasing,105.570000,0.990000,8.776060,24,Yes,Medium,0.350000,0.160000,0.200000,0.310000,0.195565,0.473339,0.800000,0.878194,0.308200,0.276119,0.650000,0.878194,0.310000,0.007415,0.003831,0.008867,0.011394,0.006487,0.560467,204,B,0.578629,179,B
Low,Decreasing,75.350000,2.770000,4.913590,24,Yes,Large,0.180000,0.160000,0.200000,0.530000,0.554435,0.625643,0.800000,0.487097,0.175600,0.575086,0.650000,0.487097,0.530000,0.004225,0.007979,0.008867,0.006320,0.011091,0.570263,177,B,0.577611,186,B
High,Ending,122.210000,2.830000,6.195760,24,Yes,Small,0.470000,0.000000,0.200000,0.130000,0.566532,0.389477,0.800000,0.616924,0.366600,0.515186,0.650000,0.616924,0.130000,0.008820,0.007148,0.008867,0.008004,0.002720,0.535505,256,B,0.565378,215,B
Low,Increasing,111.170000,3.270000,4.178810,29,Yes,Large,0.180000,0.360000,0.200000,0.530000,0.655242,0.445116,0.966667,0.412696,0.219600,0.594306,0.775000,0.412696,0.530000,0.005284,0.008245,0.010572,0.005354,0.011091,0.595273,132,A,0.595307,149,B
Normal,Ending,130.210000,1.440000,0.805960,19,No,Large,0.350000,0.000000,0.800000,0.530000,0.286290,0.349158,0.633333,0.071177,0.273000,0.304522,0.675000,0.071177,0.530000,0.006568,0.004225,0.009208,0.000923,0.011091,0.444636,482,C,0.408048,543,C
High,Stable,183.580000,2.170000,9.129670,22,Yes,Large,0.470000,0.280000,0.200000,0.530000,0.433468,0.080183,0.733333,0.913999,0.428200,0.331015,0.600000,0.913999,0.530000,0.010303,0.004592,0.008185,0.011858,0.011091,0.639310,77,A,0.622224,110,A
Low,Ending,32.010000,3.620000,3.455280,16,No,Large,0.180000,0.000000,0.800000,0.530000,0.725806,0.844068,0.533333,0.339435,0.140400,0.760102,0.600000,0.339435,0.530000,0.003378,0.010545,0.008185,0.004404,0.011091,0.557323,210,B,0.562534,224,B
Normal,Ending,117.130000,1.130000,6.627900,3,No,Medium,0.350000,0.000000,0.800000,0.310000,0.223790,0.415079,0.100000,0.660680,0.273000,0.279264,0.275000,0.660680,0.310000,0.006568,0.003874,0.003751,0.008572,0.006487,0.416041,554,C,0.417349,523,C
High,Increasing,154.640000,2.930000,1.285920,5,Yes,Small,0.470000,0.360000,0.200000,0.130000,0.586694,0.226036,0.166667,0.119775,0.445800,0.482103,0.175000,0.119775,0.130000,0.010726,0.006689,0.002387,0.001554,0.002720,0.346986,654,C,0.300848,665,C
Normal,Decreasing,98.960000,3.370000,0.885460,3,No,Medium,0.350000,0.160000,0.800000,0.310000,0.675403,0.506653,0.100000,0.079226,0.308200,0.626466,0.275000,0.079226,0.310000,0.007415,0.008691,0.003751,0.001028,0.006487,0.387370,610,C,0.363493,615,C
High,Decreasing,107.060000,4.240000,3.085560,20,Yes,Medium,0.470000,0.160000,0.200000,0.310000,0.850806,0.465830,0.666667,0.301999,0.401800,0.739163,0.550000,0.301999,0.310000,0.009667,0.010255,0.007503,0.003918,0.006487,0.549880,232,B,0.532793,279,B
Normal,Stable,28.940000,4.180000,6.895830,21,Yes,Medium,0.350000,0.280000,0.200000,0.310000,0.838710,0.859540,0.700000,0.687810,0.334600,0.844751,0.575000,0.687810,0.310000,0.008051,0.011720,0.007844,0.008924,0.006487,0.667295,50,A,0.690083,44,A
Low,Unknown,31.720000,1.780000,0.752650,5,No,Large,0.180000,0.200000,0.800000,0.530000,0.354839,0.845530,0.166667,0.065779,0.184400,0.497139,0.325000,0.065779,0.530000,0.004437,0.006897,0.004433,0.000853,0.011091,0.396233,593,C,0.356086,631,C
Normal,Ending,145.330000,3.360000,6.110760,20,No,Large,0.350000,0.000000,0.800000,0.530000,0.673387,0.272956,0.666667,0.608317,0.273000,0.557262,0.700000,0.608317,0.530000,0.006568,0.007731,0.009549,0.007892,0.011091,0.637635,78,A,0.639049,91,A
Low,Ending,138.860000,2.310000,5.834420,12,No,Large,0.180000,0.000000,0.800000,0.530000,0.461694,0.305564,0.400000,0.580336,0.140400,0.416416,0.500000,0.580336,0.530000,0.003378,0.005777,0.006821,0.007529,0.011091,0.508207,316,B,0.510856,326,B
High,Ending,15.290000,1.740000,0.503400,5,No,Large,0.470000,0.000000,0.800000,0.530000,0.346774,0.928334,0.166667,0.040541,0.366600,0.515426,0.325000,0.040541,0.530000,0.008820,0.007151,0.004433,0.000526,0.011091,0.435476,507,C,0.375833,596,C
Low,Stable,113.130000,4.020000,3.779210,25,Yes,Medium,0.180000,0.280000,0.200000,0.310000,0.806452,0.435238,0.833333,0.372235,0.202000,0.698800,0.675000,0.372235,0.310000,0.004860,0.009695,0.009208,0.004829,0.006487,0.536456,255,B,0.558499,231,B
High,Decreasing,14.360000,3.800000,2.245300,2,Yes,Small,0.470000,0.160000,0.200000,0.130000,0.762097,0.933021,0.066667,0.216918,0.401800,0.811665,0.100000,0.216918,0.130000,0.009667,0.011261,0.001364,0.002814,0.002720,0.424440,532,C,0.410699,538,C
Low,Unknown,151.810000,0.210000,0.227150,29,No,Medium,0.180000,0.200000,0.800000,0.310000,0.038306,0.240298,0.966667,0.012569,0.184400,0.096884,0.925000,0.012569,0.310000,0.004437,0.001344,0.012618,0.000163,0.006487,0.393961,597,C,0.400107,556,C
Normal,Stable,163.670000,3.420000,2.925410,19,No,Large,0.350000,0.280000,0.800000,0.530000,0.685484,0.180526,0.633333,0.285783,0.334600,0.539046,0.675000,0.285783,0.530000,0.008051,0.007479,0.009208,0.003708,0.011091,0.558111,208,B,0.525377,297,B
Low,Increasing,7.010000,0.120000,1.597220,4,No,Medium,0.180000,0.360000,0.800000,0.310000,0.020161,0.970064,0.133333,0.151296,0.219600,0.295633,0.300000,0.151296,0.310000,0.005284,0.004102,0.004092,0.001963,0.006487,0.274171,683,C,0.248822,685,C
Low,Decreasing,29.440000,3.560000,2.482240,23,Yes,Large,0.180000,0.160000,0.200000,0.530000,0.713710,0.857020,0.766667,0.240909,0.175600,0.755270,0.625000,0.240909,0.530000,0.004225,0.010478,0.008526,0.003126,0.011091,0.547992,237,B,0.541352,257,B
Normal,Ending,140.890000,1.470000,4.205720,0,No,Small,0.350000,0.000000,0.800000,0.130000,0.292339,0.295333,0.000000,0.415421,0.273000,0.293207,0.200000,0.415421,0.130000,0.006568,0.004068,0.002728,0.005390,0.002720,0.292983,676,C,0.291312,667,C
High,Stable,21.320000,3.430000,9.215360,5,Yes,Medium,0.470000,0.280000,0.200000,0.310000,0.687500,0.897944,0.166667,0.922675,0.428200,0.748529,0.175000,0.922675,0.310000,0.010303,0.010385,0.002387,0.011971,0.006487,0.595041,133,A,0.591290,158,B
Low,Increasing,36.300000,1.770000,8.866040,21,No,Small,0.180000,0.360000,0.800000,0.130000,0.352823,0.822447,0.700000,0.887305,0.219600,0.489014,0.725000,0.887305,0.130000,0.005284,0.006784,0.009890,0.011512,0.002720,0.563756,195,B,0.627593,102,A
Normal,Decreasing,172.950000,2.230000,1.898480,26,No,Small,0.350000,0.160000,0.800000,0.130000,0.445565,0.133757,0.866667,0.181800,0.308200,0.355140,0.850000,0.181800,0.130000,0.007415,0.004927,0.011595,0.002359,0.002720,0.436885,503,C,0.447612,451,C
High,Decreasing,7.490000,4.580000,7.391010,22,No,Medium,0.470000,0.160000,0.800000,0.310000,0.919355,0.967644,0.733333,0.737950,0.401800,0.933359,0.750000,0.737950,0.310000,0.009667,0.012949,0.010231,0.009574,0.006487,0.755665,9,A,0.783524,7,A
High,Increasing,44.010000,3.610000,2.929480,18,No,Small,0.470000,0.360000,0.800000,0.130000,0.723790,0.783590,0.600000,0.286195,0.445800,0.741132,0.650000,0.286195,0.130000,0.010726,0.010282,0.008867,0.003713,0.002720,0.531682,271,B,0.534214,275,B
Normal,Unknown,5.460000,1.740000,8.313720,14,Yes,Small,0.350000,0.200000,0.200000,0.130000,0.346774,0.977875,0.466667,0.831379,0.317000,0.529793,0.400000,0.831379,0.130000,0.007627,0.007350,0.005457,0.010786,0.002720,0.518166,297,B,0.553412,239,B
Normal,Increasing,118.280000,0.660000,2.005310,13,Yes,Small,0.350000,0.360000,0.200000,0.130000,0.129032,0.409283,0.433333,0.192617,0.352200,0.210305,0.375000,0.192617,0.130000,0.008474,0.002918,0.005115,0.002499,0.002720,0.288438,678,C,0.258013,683,C
Low,Ending,190.560000,0.440000,9.739880,29,No,Medium,0.180000,0.000000,0.800000,0.310000,0.084677,0.045006,0.966667,0.975786,0.140400,0.073173,0.925000,0.975786,0.310000,0.003378,0.001015,0.012618,0.012660,0.006487,0.537414,249,B,0.570370,204,B
Normal,Decreasing,5.020000,0.380000,7.475760,14,Yes,Small,0.350000,0.160000,0.200000,0.130000,0.072581,0.980093,0.466667,0.746531,0.308200,0.335759,0.400000,0.746531,0.130000,0.007415,0.004658,0.005457,0.009686,0.002720,0.449738,467,C,0.475202,393,C
Normal,Ending,164.950000,2.210000,2.258280,12,No,Small,0.350000,0.000000,0.800000,0.130000,0.441532,0.174075,0.400000,0.218232,0.273000,0.363970,0.500000,0.218232,0.130000,0.006568,0.005050,0.006821,0.002831,0.002720,0.339416,662,C,0.341636,645,C
Low,Ending,148.190000,4.720000,7.219210,3,No,Large,0.180000,0.000000,0.800000,0.530000,0.947581,0.258542,0.100000,0.720554,0.140400,0.747760,0.275000,0.720554,0.530000,0.003378,0.010374,0.003751,0.009349,0.011091,0.563470,196,B,0.576745,189,B
High,Decreasing,165.270000,4.130000,8.774720,19,Yes,Medium,0.470000,0.160000,0.200000,0.310000,0.828629,0.172462,0.633333,0.878058,0.401800,0.638341,0.525000,0.878058,0.310000,0.009667,0.008856,0.007162,0.011392,0.006487,0.657729,57,A,0.671844,59,A
Low,Stable,96.670000,1.940000,5.094700,17,No,Small,0.180000,0.280000,0.800000,0.130000,0.387097,0.518194,0.566667,0.505435,0.202000,0.425115,0.625000,0.505435,0.130000,0.004860,0.005898,0.008526,0.006558,0.002720,0.440302,492,C,0.479410,386,C
High,Ending,89.600000,0.580000,6.664150,8,Yes,Large,0.470000,0.000000,0.200000,0.530000,0.112903,0.553825,0.266667,0.664351,0.366600,0.240771,0.250000,0.664351,0.530000,0.008820,0.003340,0.003410,0.008619,0.011091,0.482490,385,C,0.443600,463,C
Low,Stable,124.670000,2.130000,5.413800,15,No,Small,0.180000,0.280000,0.800000,0.130000,0.425403,0.377079,0.500000,0.537746,0.202000,0.411389,0.575000,0.537746,0.130000,0.004860,0.005708,0.007844,0.006977,0.002720,0.431924,514,C,0.470538,400,C
Normal,Ending,63.640000,3.290000,1.717930,13,Yes,Large,0.350000,0.000000,0.200000,0.530000,0.659274,0.684659,0.433333,0.163519,0.273000,0.666636,0.375000,0.163519,0.530000,0.006568,0.009249,0.005115,0.002122,0.011091,0.481905,386,C,0.443953,461,C
High,Decreasing,97.490000,2.780000,0.178070,9,No,Small,0.470000,0.160000,0.800000,0.130000,0.556452,0.514061,0.300000,0.007599,0.401800,0.544158,0.425000,0.007599,0.130000,0.009667,0.007550,0.005798,0.000099,0.002720,0.378029,619,C,0.357798,624,C
Normal,Decreasing,107.030000,4.730000,7.389030,28,Yes,Small,0.350000,0.160000,0.200000,0.130000,0.949597,0.465981,0.933333,0.737749,0.308200,0.809348,0.750000,0.737749,0.130000,0.007415,0.011229,0.010231,0.009572,0.002720,0.635294,81,A,0.700109,42,A
Low,Ending,77.020000,2.640000,3.337090,10,Yes,Small,0.180000,0.000000,0.200000,0.130000,0.528226,0.617226,0.333333,0.327468,0.140400,0.554036,0.300000,0.327468,0.130000,0.003378,0.007687,0.004092,0.004249,0.002720,0.343726,658,C,0.365660,612,C
Normal,Unknown,64.190000,4.270000,5.153290,7,Yes,Large,0.350000,0.200000,0.200000,0.530000,0.856855,0.681887,0.233333,0.511368,0.317000,0.806114,0.225000,0.511368,0.530000,0.007627,0.011184,0.003069,0.006635,0.011091,0.564956,192,B,0.539669,261,B
Low,Unknown,6.110000,1.020000,7.364620,6,No,Medium,0.180000,0.200000,0.800000,0.310000,0.201613,0.974599,0.200000,0.735277,0.184400,0.425779,0.350000,0.735277,0.310000,0.004437,0.005907,0.004774,0.009540,0.006487,0.469221,417,C,0.494080,358,C
Low,Decreasing,106.000000,2.790000,3.412590,14,No,Small,0.180000,0.160000,0.800000,0.130000,0.558468,0.471172,0.466667,0.335112,0.175600,0.533152,0.550000,0.335112,0.130000,0.004225,0.007397,0.007503,0.004348,0.002720,0.404960,571,C,0.435424,490,C
Low,Decreasing,153.090000,1.980000,1.537180,3,Yes,Large,0.180000,0.160000,0.200000,0.530000,0.395161,0.233847,0.100000,0.145217,0.175600,0.348380,0.125000,0.145217,0.530000,0.004225,0.004833,0.001705,0.001884,0.011091,0.338887,664,C,0.282799,675,C
High,Stable,88.730000,0.370000,2.218730,28,No,Medium,0.470000,0.280000,0.800000,0.310000,0.070565,0.558210,0.933333,0.214227,0.428200,0.211982,0.900000,0.214227,0.310000,0.010303,0.002941,0.012277,0.002779,0.006487,0.484136,379,C,0.463402,417,C
High,Decreasing,41.520000,3.420000,5.252090,12,No,Large,0.470000,0.160000,0.800000,0.530000,0.685484,0.796140,0.400000,0.521372,0.401800,0.717574,0.500000,0.521372,0.530000,0.009667,0.009955,0.006821,0.006764,0.011091,0.640399,76,A,0.611792,119,A
Normal,Increasing,65.440000,4.110000,8.668480,24,No,Small,0.350000,0.360000,0.800000,0.130000,0.824597,0.675587,0.800000,0.867301,0.352200,0.781384,0.800000,0.867301,0.130000,0.008474,0.010841,0.010913,0.011253,0.002720,0.669778,47,A,0.737687,21,A
Normal,Unknown,16.940000,3.830000,8.503340,7,No,Small,0.350000,0.200000,0.800000,0.130000,0.768145,0.920018,0.233333,0.850579,0.317000,0.812188,0.375000,0.850579,0.130000,0.007627,0.011268,0.005115,0.011036,0.002720,0.578057,162,B,0.619172,116,A
Low,Decreasing,85.590000,4.950000,9.092350,9,Yes,Small,0.180000,0.160000,0.200000,0.130000,0.993952,0.574035,0.300000,0.910220,0.175600,0.872176,0.275000,0.910220,0.130000,0.004225,0.012100,0.003751,0.011809,0.002720,0.546641,238,B,0.597633,144,B
High,Decreasing,116.400000,2.130000,7.498400,9,Yes,Small,0.470000,0.160000,0.200000,0.130000,0.425403,0.418758,0.300000,0.748823,0.401800,0.423476,0.275000,0.748823,0.130000,0.009667,0.005875,0.003751,0.009715,0.002720,0.468101,419,C,0.476940,390,C
Normal,Increasing,22.640000,3.340000,1.735960,14,No,Large,0.350000,0.360000,0.800000,0.530000,0.669355,0.891291,0.466667,0.165344,0.352200,0.733716,0.550000,0.165344,0.530000,0.008474,0.010179,0.007503,0.002145,0.011091,0.551065,226,B,0.512309,323,B
High,Stable,28.380000,2.040000,8.484000,30,No,Small,0.470000,0.280000,0.800000,0.130000,0.407258,0.862363,1.000000,0.848621,0.428200,0.539238,0.950000,0.848621,0.130000,0.010303,0.007481,0.012959,0.011010,0.002720,0.645833,70,A,0.690391,43,A
Normal,Increasing,7.610000,1.000000,2.200350,16,No,Large,0.350000,0.360000,0.800000,0.530000,0.197581,0.967040,0.533333,0.212366,0.352200,0.420724,0.600000,0.212366,0.530000,0.008474,0.005837,0.008185,0.002755,0.011091,0.499074,342,B,0.452556,440,C
Low,Decreasing,101.370000,0.290000,7.615790,0,Yes,Small,0.180000,0.160000,0.200000,0.130000,0.054435,0.494507,0.000000,0.760710,0.175600,0.182056,0.050000,0.760710,0.130000,0.004225,0.002526,0.000682,0.009870,0.002720,0.338311,665,C,0.368257,608,C
Low,Decreasing,13.960000,3.040000,7.822820,30,Yes,Small,0.180000,0.160000,0.200000,0.130000,0.608871,0.935037,1.000000,0.781673,0.175600,0.703459,0.800000,0.781673,0.130000,0.004225,0.009760,0.010913,0.010142,0.002720,0.594461,135,A,0.676259,54,A
Normal,Ending,131.630000,0.730000,8.637480,19,Yes,Medium,0.350000,0.000000,0.200000,0.310000,0.143145,0.342002,0.633333,0.864162,0.273000,0.200814,0.525000,0.864162,0.310000,0.006568,0.002786,0.007162,0.011212,0.006487,0.503465,326,B,0.520649,305,B
High,Decreasing,147.300000,0.550000,8.208710,2,No,Medium,0.470000,0.160000,0.800000,0.310000,0.106855,0.263028,0.066667,0.820746,0.401800,0.152145,0.250000,0.820746,0.310000,0.009667,0.002111,0.003410,0.010649,0.006487,0.456741,445,C,0.445992,454,C
Low,Unknown,68.100000,3.420000,0.759920,18,Yes,Small,0.180000,0.200000,0.200000,0.130000,0.685484,0.662181,0.600000,0.066515,0.184400,0.678726,0.500000,0.066515,0.130000,0.004437,0.009416,0.006821,0.000863,0.002720,0.387770,608,C,0.405988,549,C
High,Ending,181.640000,0.740000,5.637670,19,Yes,Large,0.470000,0.000000,0.200000,0.530000,0.145161,0.089961,0.633333,0.560414,0.366600,0.129153,0.525000,0.560414,0.530000,0.008820,0.001792,0.007162,0.007271,0.011091,0.491725,358,C,0.454220,435,C
Low,Stable,192.630000,4.530000,0.251380,10,Yes,Large,0.180000,0.280000,0.200000,0.530000,0.909274,0.034573,0.333333,0.015022,0.202000,0.655611,0.300000,0.015022,0.530000,0.004860,0.009096,0.004092,0.000195,0.011091,0.426015,526,C,0.394628,570,C
Low,Increasing,191.930000,0.340000,0.750800,7,Yes,Large,0.180000,0.360000,0.200000,0.530000,0.064516,0.038101,0.233333,0.065591,0.219600,0.056856,0.225000,0.065591,0.530000,0.005284,0.000789,0.003069,0.000851,0.011091,0.299566,675,C,0.232736,692,C
High,Stable,172.910000,0.640000,7.347450,3,Yes,Large,0.470000,0.280000,0.200000,0.530000,0.125000,0.133958,0.100000,0.733539,0.428200,0.127598,0.125000,0.733539,0.530000,0.010303,0.001770,0.001705,0.009517,0.011091,0.465313,426,C,0.422402,513,C
High,Decreasing,195.200000,3.100000,6.555140,16,No,Medium,0.470000,0.160000,0.800000,0.310000,0.620968,0.021621,0.533333,0.653313,0.401800,0.447157,0.600000,0.653313,0.310000,0.009667,0.006204,0.008185,0.008476,0.006487,0.573291,171,B,0.572512,198,B
Low,Unknown,69.330000,3.080000,1.936310,29,Yes,Medium,0.180000,0.200000,0.200000,0.310000,0.616935,0.655982,0.966667,0.185631,0.184400,0.628259,0.775000,0.185631,0.310000,0.004437,0.008716,0.010572,0.002408,0.006487,0.493361,355,C,0.506276,336,B
Low,Increasing,92.470000,2.960000,3.331470,0,No,Large,0.180000,0.360000,0.800000,0.530000,0.592742,0.539361,0.000000,0.326899,0.219600,0.577261,0.200000,0.326899,0.530000,0.005284,0.008009,0.002728,0.004241,0.011091,0.446187,474,C,0.411841,537,C
Low,Stable,125.860000,2.940000,0.740250,9,No,Large,0.180000,0.280000,0.800000,0.530000,0.588710,0.371082,0.300000,0.064523,0.202000,0.525598,0.425000,0.064523,0.530000,0.004860,0.007292,0.005798,0.000837,0.011091,0.425391,528,C,0.390112,576,C
High,Stable,69.380000,3.270000,4.140260,2,Yes,Medium,0.470000,0.280000,0.200000,0.310000,0.655242,0.655730,0.066667,0.408793,0.428200,0.655384,0.100000,0.408793,0.310000,0.010303,0.009093,0.001364,0.005304,0.006487,0.459669,438,C,0.427144,505,C
Normal,Ending,38.290000,3.630000,5.273000,0,Yes,Small,0.350000,0.000000,0.200000,0.130000,0.727823,0.812418,0.000000,0.523489,0.273000,0.752355,0.050000,0.523489,0.130000,0.006568,0.010438,0.000682,0.006792,0.002720,0.429033,520,C,0.446089,453,C
Low,Increasing,47.600000,1.680000,1.027100,10,No,Large,0.180000,0.360000,0.800000,0.530000,0.334677,0.765497,0.333333,0.093568,0.219600,0.459615,0.450000,0.093568,0.530000,0.005284,0.006377,0.006139,0.001214,0.011091,0.422800,541,C,0.382436,585,C
Low,Increasing,155.670000,1.000000,9.292380,11,Yes,Small,0.180000,0.360000,0.200000,0.130000,0.197581,0.220845,0.366667,0.930474,0.219600,0.204327,0.325000,0.930474,0.130000,0.005284,0.002835,0.004433,0.012072,0.002720,0.433870,510,C,0.467803,407,C
Normal,Stable,194.200000,0.320000,8.834530,6,Yes,Medium,0.350000,0.280000,0.200000,0.310000,0.060484,0.026661,0.200000,0.884114,0.334600,0.050675,0.200000,0.884114,0.310000,0.008051,0.000703,0.002728,0.011471,0.006487,0.429648,518,C,0.432822,496,C
High,Ending,158.610000,1.510000,5.755900,5,Yes,Large,0.470000,0.000000,0.200000,0.530000,0.300403,0.206028,0.166667,0.572386,0.366600,0.273034,0.175000,0.572386,0.530000,0.008820,0.003788,0.002387,0.007426,0.011091,0.455750,451,C,0.407538,546,C
Normal,Decreasing,192.370000,2.960000,6.819270,27,Yes,Medium,0.350000,0.160000,0.200000,0.310000,0.592742,0.035883,0.900000,0.680058,0.308200,0.431253,0.725000,0.680058,0.310000,0.007415,0.005983,0.009890,0.008823,0.006487,0.581284,158,B,0.600480,137,A
Low,Decreasing,51.130000,0.920000,6.477390,2,No,Small,0.180000,0.160000,0.800000,0.130000,0.181452,0.747707,0.066667,0.645440,0.175600,0.345666,0.250000,0.645440,0.130000,0.004225,0.004796,0.003410,0.008374,0.002720,0.364464,633,C,0.395820,567,C
Low,Unknown,185.620000,2.720000,7.129370,6,Yes,Medium,0.180000,0.200000,0.200000,0.310000,0.544355,0.069902,0.200000,0.711457,0.184400,0.406764,0.200000,0.711457,0.310000,0.004437,0.005643,0.002728,0.009231,0.006487,0.426431,524,C,0.443184,464,C
Low,Decreasing,160.100000,2.380000,7.842770,28,Yes,Small,0.180000,0.160000,0.200000,0.130000,0.475806,0.198518,0.933333,0.783693,0.175600,0.395393,0.750000,0.783693,0.130000,0.004225,0.005486,0.010231,0.010168,0.002720,0.517420,300,B,0.577929,184,B
High,Stable,169.660000,4.050000,0.732520,28,No,Medium,0.470000,0.280000,0.800000,0.310000,0.812500,0.150338,0.933333,0.063740,0.428200,0.620473,0.900000,0.063740,0.310000,0.010303,0.008608,0.012277,0.000827,0.006487,0.539973,245,B,0.522558,302,B
Normal,Unknown,79.390000,2.180000,3.483230,2,No,Large,0.350000,0.200000,0.800000,0.530000,0.435484,0.605282,0.066667,0.342265,0.317000,0.484725,0.250000,0.342265,0.530000,0.007627,0.006725,0.003410,0.004441,0.011091,0.458001,442,C,0.407726,545,C
Low,Unknown,102.880000,0.170000,8.272810,11,No,Small,0.180000,0.200000,0.800000,0.130000,0.030242,0.486896,0.366667,0.827237,0.184400,0.162672,0.475000,0.827237,0.130000,0.004437,0.002257,0.006480,0.010733,0.002720,0.423169,540,C,0.463937,416,C
High,Increasing,187.990000,1.520000,2.543470,19,No,Small,0.470000,0.360000,0.800000,0.130000,0.302419,0.057958,0.633333,0.247109,0.445800,0.231526,0.675000,0.247109,0.130000,0.010726,0.003212,0.009208,0.003206,0.002720,0.415779,555,C,0.396422,565,C
Normal,Unknown,140.640000,4.300000,2.822100,26,No,Medium,0.350000,0.200000,0.800000,0.310000,0.862903,0.296593,0.866667,0.275322,0.317000,0.698673,0.850000,0.275322,0.310000,0.007627,0.009693,0.011595,0.003572,0.006487,0.577166,164,B,0.578838,178,B
Low,Unknown,75.560000,2.060000,2.779550,19,No,Small,0.180000,0.200000,0.800000,0.130000,0.411290,0.624584,0.633333,0.271014,0.184400,0.473146,0.675000,0.271014,0.130000,0.004437,0.006564,0.009208,0.003516,0.002720,0.409890,566,C,0.438369,477,C
Normal,Ending,117.830000,4.160000,8.966940,10,No,Large,0.350000,0.000000,0.800000,0.530000,0.834677,0.411551,0.333333,0.897521,0.273000,0.711971,0.450000,0.897521,0.530000,0.006568,0.009878,0.006139,0.011645,0.011091,0.673500,44,A,0.681772,49,A
Low,Decreasing,81.030000,1.690000,5.133050,27,No,Medium,0.180000,0.160000,0.800000,0.310000,0.336694,0.597016,0.900000,0.509319,0.175600,0.412187,0.875000,0.509319,0.310000,0.004225,0.005719,0.011936,0.006608,0.006487,0.531318,274,B,0.563276,222,B
Low,Unknown,125.670000,2.620000,1.006730,8,Yes,Small,0.180000,0.200000,0.200000,0.130000,0.524194,0.372039,0.266667,0.091506,0.184400,0.480069,0.250000,0.091506,0.130000,0.004437,0.006660,0.003410,0.001187,0.002720,0.268137,687,C,0.272199,680,C
High,Decreasing,77.500000,4.940000,2.848010,27,No,Large,0.470000,0.160000,0.800000,0.530000,0.991935,0.614807,0.900000,0.277946,0.401800,0.882568,0.875000,0.277946,0.530000,0.009667,0.012245,0.011936,0.003606,0.011091,0.674623,43,A,0.647659,79,A
Normal,Unknown,29.820000,3.650000,1.603880,0,Yes,Large,0.350000,0.200000,0.200000,0.530000,0.731855,0.855105,0.000000,0.151970,0.317000,0.767597,0.050000,0.151970,0.530000,0.007627,0.010649,0.000682,0.001972,0.011091,0.454699,455,C,0.414402,532,C
Low,Unknown,90.020000,4.850000,2.343920,7,Yes,Large,0.180000,0.200000,0.200000,0.530000,0.973790,0.551708,0.233333,0.226904,0.184400,0.851387,0.225000,0.226904,0.530000,0.004437,0.011812,0.003069,0.002944,0.011091,0.489100,365,C,0.469246,404,C
High,Increasing,79.980000,1.600000,3.713910,28,Yes,Medium,0.470000,0.360000,0.200000,0.310000,0.318548,0.602308,0.933333,0.365623,0.445800,0.400839,0.750000,0.365623,0.310000,0.010726,0.005561,0.010231,0.004744,0.006487,0.532976,266,B,0.512634,322,B
Normal,Decreasing,131.150000,0.610000,5.792010,19,No,Medium,0.350000,0.160000,0.800000,0.310000,0.118952,0.344421,0.633333,0.576042,0.308200,0.184338,0.675000,0.576042,0.310000,0.007415,0.002557,0.009208,0.007474,0.006487,0.475915,402,C,0.479026,387,C
Low,Ending,47.850000,2.050000,5.335750,21,No,Small,0.180000,0.000000,0.800000,0.130000,0.409274,0.764237,0.700000,0.529843,0.140400,0.512214,0.725000,0.529843,0.130000,0.003378,0.007106,0.009890,0.006874,0.002720,0.478749,394,C,0.534164,276,B
Low,Stable,125.520000,4.810000,5.490090,8,No,Medium,0.180000,0.280000,0.800000,0.310000,0.965726,0.372795,0.266667,0.545471,0.202000,0.793776,0.400000,0.545471,0.310000,0.004860,0.011013,0.005457,0.007077,0.006487,0.537136,252,B,0.560972,227,B
Low,Stable,27.380000,3.150000,1.564480,10,No,Small,0.180000,0.280000,0.800000,0.130000,0.631048,0.867402,0.333333,0.147981,0.202000,0.699591,0.450000,0.147981,0.130000,0.004860,0.009706,0.006139,0.001920,0.002720,0.398441,587,C,0.415236,528,C
Normal,Unknown,193.240000,2.300000,6.417760,18,No,Medium,0.350000,0.200000,0.800000,0.310000,0.459677,0.031499,0.600000,0.639403,0.317000,0.335506,0.650000,0.639403,0.310000,0.007627,0.004655,0.008867,0.008296,0.006487,0.527868,282,B,0.536735,267,B
Low,Decreasing,148.830000,2.350000,0.877340,3,No,Small,0.180000,0.160000,0.800000,0.130000,0.469758,0.255317,0.100000,0.078404,0.175600,0.407570,0.275000,0.078404,0.130000,0.004225,0.005655,0.003751,0.001017,0.002720,0.242279,691,C,0.245598,686,C
Low,Ending,121.000000,0.130000,1.498190,22,No,Large,0.180000,0.000000,0.800000,0.530000,0.022177,0.395575,0.733333,0.141269,0.140400,0.130463,0.750000,0.141269,0.530000,0.003378,0.001810,0.010231,0.001833,0.011091,0.417368,551,C,0.397571,563,C
High,Unknown,77.920000,4.500000,8.575220,11,Yes,Medium,0.470000,0.200000,0.200000,0.310000,0.903226,0.612690,0.366667,0.857857,0.410600,0.818970,0.325000,0.857857,0.310000,0.009879,0.011362,0.004433,0.011130,0.006487,0.637629,79,A,0.641899,85,A
Normal,Stable,109.300000,3.220000,8.414140,23,Yes,Medium,0.350000,0.280000,0.200000,0.310000,0.645161,0.454541,0.766667,0.841547,0.334600,0.589881,0.625000,0.841547,0.310000,0.008051,0.008184,0.008526,0.010918,0.006487,0.648955,66,A,0.675178,55,A
High,Increasing,147.510000,3.450000,5.279580,8,No,Large,0.470000,0.360000,0.800000,0.530000,0.691532,0.261970,0.266667,0.524156,0.445800,0.566959,0.400000,0.524156,0.530000,0.010726,0.007866,0.005457,0.006801,0.011091,0.584073,153,B,0.541302,258,B
Normal,Unknown,94.970000,2.420000,3.717150,7,Yes,Small,0.350000,0.200000,0.200000,0.130000,0.483871,0.526761,0.233333,0.365951,0.317000,0.496309,0.225000,0.365951,0.130000,0.007627,0.006886,0.003069,0.004748,0.002720,0.359232,638,C,0.354475,633,C
Normal,Stable,185.420000,2.000000,6.824730,23,Yes,Small,0.350000,0.280000,0.200000,0.130000,0.399194,0.070910,0.766667,0.680611,0.334600,0.303991,0.625000,0.680611,0.130000,0.008051,0.004217,0.008526,0.008830,0.002720,0.483258,381,C,0.509650,330,B
Low,Unknown,199.490000,4.180000,2.886660,17,Yes,Medium,0.180000,0.200000,0.200000,0.310000,0.838710,0.000000,0.566667,0.281859,0.184400,0.595484,0.475000,0.281859,0.310000,0.004437,0.008262,0.006480,0.003657,0.006487,0.433308,511,C,0.440035,472,C
Low,Increasing,143.040000,2.420000,6.319540,2,Yes,Large,0.180000,0.360000,0.200000,0.530000,0.483871,0.284498,0.066667,0.629457,0.219600,0.426053,0.100000,0.629457,0.530000,0.005284,0.005911,0.001364,0.008167,0.011091,0.456108,449,C,0.434385,491,C
Normal,Stable,129.090000,0.070000,8.108560,1,No,Small,0.350000,0.280000,0.800000,0.130000,0.010081,0.354803,0.033333,0.810606,0.334600,0.110050,0.225000,0.810606,0.130000,0.008051,0.001527,0.003069,0.010517,0.002720,0.395028,596,C,0.408362,542,C
Low,Ending,179.890000,1.760000,2.196310,12,No,Large,0.180000,0.000000,0.800000,0.530000,0.350806,0.098780,0.400000,0.211957,0.140400,0.277719,0.500000,0.211957,0.530000,0.003378,0.003853,0.006821,0.002750,0.011091,0.399025,585,C,0.366434,611,C
Normal,Increasing,19.800000,2.560000,3.474520,5,No,Large,0.350000,0.360000,0.800000,0.530000,0.512097,0.905604,0.166667,0.341383,0.352200,0.626214,0.325000,0.341383,0.530000,0.008474,0.008688,0.004433,0.004429,0.011091,0.517794,298,B,0.473300,396,C
Low,Unknown,173.870000,4.030000,7.800060,13,No,Large,0.180000,0.200000,0.800000,0.530000,0.808468,0.129120,0.433333,0.779368,0.184400,0.611457,0.525000,0.779368,0.530000,0.004437,0.008483,0.007162,0.010112,0.011091,0.618615,106,A,0.641321,86,A
High,Stable,197.310000,0.080000,9.251770,0,No,Medium,0.470000,0.280000,0.800000,0.310000,0.012097,0.010987,0.000000,0.926362,0.428200,0.011775,0.200000,0.926362,0.310000,0.010303,0.000163,0.002728,0.012019,0.006487,0.452252,460,C,0.444705,459,C
High,Stable,55.460000,1.540000,6.833500,23,No,Large,0.470000,0.280000,0.800000,0.530000,0.306452,0.725884,0.766667,0.681499,0.428200,0.428087,0.775000,0.681499,0.530000,0.010303,0.005939,0.010572,0.008842,0.011091,0.665633,51,A,0.647666,78,A
Low,Unknown,90.390000,3.100000,7.892940,25,No,Large,0.180000,0.200000,0.800000,0.530000,0.620968,0.549844,0.833333,0.788773,0.184400,0.600342,0.825000,0.788773,0.530000,0.004437,0.008329,0.011254,0.010234,0.011091,0.680073,37,A,0.721148,30,A
High,Unknown,1.360000,4.500000,7.089870,5,Yes,Medium,0.470000,0.200000,0.200000,0.310000,0.903226,0.998538,0.166667,0.707457,0.410600,0.930866,0.175000,0.707457,0.310000,0.009879,0.012915,0.002387,0.009179,0.006487,0.589367,146,B,0.581871,173,B
High,Increasing,83.930000,1.840000,2.773320,26,Yes,Large,0.470000,0.360000,0.200000,0.530000,0.366935,0.582401,0.866667,0.270383,0.445800,0.429420,0.700000,0.270383,0.530000,0.010726,0.005958,0.009549,0.003508,0.011091,0.554375,217,B,0.506572,334,B
Low,Unknown,126.800000,3.470000,1.372240,14,No,Large,0.180000,0.200000,0.800000,0.530000,0.695565,0.366344,0.466667,0.128516,0.184400,0.600091,0.550000,0.128516,0.530000,0.004437,0.008326,0.007503,0.001667,0.011091,0.476598,400,C,0.453330,437,C
Normal,Stable,109.330000,4.580000,1.018350,0,No,Large,0.350000,0.280000,0.800000,0.530000,0.919355,0.454390,0.000000,0.092682,0.334600,0.784515,0.200000,0.092682,0.530000,0.008051,0.010884,0.002728,0.001202,0.011091,0.475685,403,C,0.431820,498,C
Normal,Unknown,120.080000,2.640000,4.709100,29,No,Large,0.350000,0.200000,0.800000,0.530000,0.528226,0.400212,0.966667,0.466391,0.317000,0.491102,0.925000,0.466391,0.530000,0.007627,0.006813,0.012618,0.006051,0.011091,0.633137,84,A,0.620877,111,A
Low,Decreasing,150.190000,0.800000,2.693290,19,Yes,Medium,0.180000,0.160000,0.200000,0.310000,0.157258,0.248463,0.633333,0.262279,0.175600,0.183707,0.525000,0.262279,0.310000,0.004225,0.002549,0.007162,0.003403,0.006487,0.327677,667,C,0.324882,656,C
Normal,Increasing,174.690000,1.990000,8.771780,21,No,Large,0.350000,0.360000,0.800000,0.530000,0.397177,0.124987,0.700000,0.877760,0.352200,0.318242,0.725000,0.877760,0.530000,0.008474,0.004415,0.009890,0.011388,0.011091,0.641612,73,A,0.635364,94,A
Normal,Stable,31.650000,2.880000,4.656570,8,No,Large,0.350000,0.280000,0.800000,0.530000,0.576613,0.845882,0.266667,0.461072,0.334600,0.654701,0.400000,0.461072,0.530000,0.008051,0.009083,0.005457,0.005982,0.011091,0.567776,183,B,0.537162,265,B
Normal,Unknown,95.540000,1.070000,4.772990,22,No,Small,0.350000,0.200000,0.800000,0.130000,0.211694,0.523889,0.733333,0.472860,0.317000,0.302230,0.750000,0.472860,0.130000,0.007627,0.004193,0.010231,0.006135,0.002720,0.460678,436,C,0.481412,381,C
Normal,Decreasing,135.820000,4.720000,2.310710,24,Yes,Medium,0.350000,0.160000,0.200000,0.310000,0.947581,0.320885,0.800000,0.223541,0.308200,0.765839,0.650000,0.223541,0.310000,0.007415,0.010625,0.008867,0.002900,0.006487,0.537361,250,B,0.533251,278,B
Low,Decreasing,77.640000,0.070000,1.237450,28,Yes,Medium,0.180000,0.160000,0.200000,0.310000,0.010081,0.614101,0.933333,0.114867,0.175600,0.185247,0.750000,0.114867,0.310000,0.004225,0.002570,0.010231,0.001490,0.006487,0.371767,627,C,0.374947,597,C
High,Decreasing,192.940000,0.360000,2.407160,19,Yes,Large,0.470000,0.160000,0.200000,0.530000,0.068548,0.033011,0.633333,0.233307,0.401800,0.058242,0.525000,0.233307,0.530000,0.009667,0.000808,0.007162,0.003027,0.011091,0.423403,538,C,0.362502,620,C
Normal,Ending,143.260000,4.510000,4.971360,11,No,Small,0.350000,0.000000,0.800000,0.130000,0.905242,0.283389,0.366667,0.492947,0.273000,0.724905,0.475000,0.492947,0.130000,0.006568,0.010057,0.006480,0.006396,0.002720,0.497942,348,B,0.529978,285,B
Low,Decreasing,84.280000,0.400000,0.880350,15,No,Large,0.180000,0.160000,0.800000,0.530000,0.076613,0.580637,0.500000,0.078709,0.175600,0.222780,0.575000,0.078709,0.530000,0.004225,0.003091,0.007844,0.001021,0.011091,0.389661,603,C,0.354671,632,C
Low,Stable,20.050000,1.680000,9.408730,15,No,Medium,0.180000,0.280000,0.800000,0.310000,0.334677,0.904344,0.500000,0.942255,0.202000,0.499881,0.575000,0.942255,0.310000,0.004860,0.006935,0.007844,0.012225,0.006487,0.589437,145,B,0.630675,99,A
High,Increasing,157.460000,0.260000,7.833520,4,No,Large,0.470000,0.360000,0.800000,0.530000,0.048387,0.211823,0.133333,0.782756,0.445800,0.095784,0.300000,0.782756,0.530000,0.010726,0.001329,0.004092,0.010156,0.011091,0.500782,339,B,0.463193,418,C
Normal,Ending,169.300000,2.630000,5.505120,1,Yes,Small,0.350000,0.000000,0.200000,0.130000,0.526210,0.152152,0.033333,0.546993,0.273000,0.417733,0.075000,0.546993,0.130000,0.006568,0.005796,0.001023,0.007097,0.002720,0.347312,653,C,0.357339,627,C
High,Stable,63.060000,4.850000,0.980960,11,Yes,Medium,0.470000,0.280000,0.200000,0.310000,0.973790,0.687582,0.366667,0.088896,0.428200,0.890790,0.325000,0.088896,0.310000,0.010303,0.012359,0.004433,0.001153,0.006487,0.495001,352,C,0.466571,411,C
Low,Ending,9.390000,0.240000,7.415350,15,No,Medium,0.180000,0.000000,0.800000,0.310000,0.044355,0.958069,0.500000,0.740414,0.140400,0.309332,0.575000,0.740414,0.310000,0.003378,0.004292,0.007844,0.009606,0.006487,0.482852,383,C,0.519059,308,B
High,Stable,4.480000,2.500000,8.756570,11,No,Small,0.470000,0.280000,0.800000,0.130000,0.500000,0.982814,0.366667,0.876220,0.428200,0.640016,0.475000,0.876220,0.130000,0.010303,0.008879,0.006480,0.011368,0.002720,0.590699,141,B,0.623342,108,A
High,Ending,64.890000,2.080000,1.466950,24,Yes,Small,0.470000,0.000000,0.200000,0.130000,0.415323,0.678359,0.800000,0.138106,0.366600,0.491603,0.650000,0.138106,0.130000,0.008820,0.006820,0.008867,0.001792,0.002720,0.425712,527,C,0.420982,516,C
Low,Unknown,76.630000,4.780000,1.330340,13,Yes,Small,0.180000,0.200000,0.200000,0.130000,0.959677,0.619192,0.433333,0.124273,0.184400,0.860937,0.375000,0.124273,0.130000,0.004437,0.011944,0.005115,0.001612,0.002720,0.422418,542,C,0.440307,471,C
Normal,Stable,148.790000,0.360000,7.544830,13,Yes,Small,0.350000,0.280000,0.200000,0.130000,0.068548,0.255519,0.433333,0.753525,0.334600,0.122770,0.375000,0.753525,0.130000,0.008051,0.001703,0.005115,0.009776,0.002720,0.408646,567,C,0.423385,511,C
Low,Decreasing,105.370000,4.590000,2.630020,12,Yes,Medium,0.180000,0.160000,0.200000,0.310000,0.921371,0.474347,0.400000,0.255873,0.175600,0.791734,0.350000,0.255873,0.310000,0.004225,0.010984,0.004774,0.003320,0.006487,0.454133,456,C,0.461153,425,C
Normal,Ending,99.230000,2.970000,5.131110,24,Yes,Medium,0.350000,0.000000,0.200000,0.310000,0.594758,0.505292,0.800000,0.509122,0.273000,0.568813,0.650000,0.509122,0.310000,0.006568,0.007892,0.008867,0.006605,0.006487,0.551195,225,B,0.567475,211,B
Normal,Decreasing,90.700000,4.480000,9.439840,3,No,Small,0.350000,0.160000,0.800000,0.130000,0.899194,0.548281,0.100000,0.945405,0.308200,0.797429,0.275000,0.945405,0.130000,0.007415,0.011063,0.003751,0.012266,0.002720,0.566263,188,B,0.600655,136,A
High,Stable,184.290000,3.630000,6.508180,16,Yes,Medium,0.470000,0.280000,0.200000,0.310000,0.727823,0.076605,0.533333,0.648558,0.428200,0.538970,0.450000,0.648558,0.310000,0.010303,0.007478,0.006139,0.008415,0.006487,0.566178,189,B,0.557573,232,B
Low,Unknown,97.030000,1.710000,0.352300,3,No,Small,0.180000,0.200000,0.800000,0.130000,0.340726,0.516379,0.100000,0.025241,0.184400,0.391665,0.275000,0.025241,0.130000,0.004437,0.005434,0.003751,0.000327,0.002720,0.231797,693,C,0.234317,690,C
Normal,Increasing,193.630000,2.210000,8.026590,30,No,Large,0.350000,0.360000,0.800000,0.530000,0.441532,0.029533,1.000000,0.802306,0.352200,0.322053,0.950000,0.802306,0.530000,0.008474,0.004468,0.012959,0.010409,0.011091,0.663402,53,A,0.657588,69,A
High,Stable,147.180000,4.770000,9.552120,8,Yes,Medium,0.470000,0.280000,0.200000,0.310000,0.957661,0.263633,0.266667,0.956774,0.428200,0.756393,0.250000,0.956774,0.310000,0.010303,0.010494,0.003410,0.012413,0.006487,0.621148,100,A,0.619533,114,A
Normal,Stable,86.430000,3.220000,0.250620,27,No,Medium,0.350000,0.280000,0.800000,0.310000,0.645161,0.569801,0.900000,0.014945,0.334600,0.623307,0.875000,0.014945,0.310000,0.008051,0.008648,0.011936,0.000194,0.006487,0.509288,313,B,0.503925,340,B
High,Ending,189.270000,2.060000,7.108710,7,Yes,Large,0.470000,0.000000,0.200000,0.530000,0.411290,0.051507,0.233333,0.709365,0.366600,0.306953,0.225000,0.709365,0.530000,0.008820,0.004259,0.003069,0.009203,0.011091,0.501680,332,B,0.467051,410,C
Normal,Decreasing,106.570000,3.810000,4.115110,3,Yes,Medium,0.350000,0.160000,0.200000,0.310000,0.764113,0.468300,0.100000,0.406246,0.308200,0.678327,0.125000,0.406246,0.310000,0.007415,0.009411,0.001705,0.005271,0.006487,0.439151,494,C,0.425696,508,C
Normal,Stable,150.150000,0.230000,9.315290,25,Yes,Small,0.350000,0.280000,0.200000,0.130000,0.042339,0.248664,0.833333,0.932794,0.334600,0.102173,0.675000,0.932794,0.130000,0.008051,0.001418,0.009208,0.012102,0.002720,0.500291,340,B,0.526556,292,B
Low,Increasing,76.580000,4.750000,0.597110,14,Yes,Small,0.180000,0.360000,0.200000,0.130000,0.953629,0.619444,0.466667,0.050029,0.219600,0.856715,0.400000,0.050029,0.130000,0.005284,0.011886,0.005457,0.000649,0.002720,0.420866,547,C,0.435684,489,C
High,Ending,49.240000,1.090000,5.810830,12,No,Small,0.470000,0.000000,0.800000,0.130000,0.215726,0.757232,0.400000,0.577948,0.366600,0.372763,0.500000,0.577948,0.130000,0.008820,0.005172,0.006821,0.007498,0.002720,0.454861,453,C,0.466474,412,C
High,Decreasing,124.440000,4.050000,0.729040,5,No,Large,0.470000,0.160000,0.800000,0.530000,0.812500,0.378238,0.166667,0.063388,0.401800,0.686564,0.325000,0.063388,0.530000,0.009667,0.009525,0.004433,0.000822,0.011091,0.485239,377,C,0.431601,499,C
High,Decreasing,41.030000,3.790000,8.350660,30,Yes,Medium,0.470000,0.160000,0.200000,0.310000,0.760081,0.798609,1.000000,0.835119,0.401800,0.771254,0.800000,0.835119,0.310000,0.009667,0.010700,0.010913,0.010835,0.006487,0.757018,8,A,0.792881,6,A
High,Unknown,77.080000,2.740000,2.289300,13,Yes,Large,0.470000,0.200000,0.200000,0.530000,0.548387,0.616924,0.433333,0.221373,0.410600,0.568263,0.375000,0.221373,0.530000,0.009879,0.007884,0.005115,0.002872,0.011091,0.501354,334,B,0.442676,465,C
Normal,Decreasing,101.250000,3.440000,5.167740,1,No,Large,0.350000,0.160000,0.800000,0.530000,0.689516,0.495111,0.033333,0.512831,0.308200,0.633139,0.225000,0.512831,0.530000,0.007415,0.008784,0.003069,0.006654,0.011091,0.524937,286,B,0.494257,357,C
Low,Decreasing,78.620000,1.640000,7.679170,26,Yes,Small,0.180000,0.160000,0.200000,0.130000,0.326613,0.609162,0.866667,0.767127,0.175600,0.408552,0.700000,0.767127,0.130000,0.004225,0.005668,0.009549,0.009953,0.002720,0.507214,318,B,0.566629,213,B
High,Unknown,145.390000,3.000000,1.717290,11,Yes,Small,0.470000,0.200000,0.200000,0.130000,0.600806,0.272654,0.366667,0.163454,0.410600,0.505642,0.325000,0.163454,0.130000,0.009879,0.007015,0.004433,0.002121,0.002720,0.372653,625,C,0.342896,644,C
High,Increasing,154.480000,0.080000,2.017030,24,No,Small,0.470000,0.360000,0.800000,0.130000,0.012097,0.226842,0.800000,0.193804,0.445800,0.074373,0.800000,0.193804,0.130000,0.010726,0.001032,0.010913,0.002514,0.002720,0.410009,565,C,0.395860,566,C
High,Decreasing,89.410000,3.530000,7.200140,12,No,Large,0.470000,0.160000,0.800000,0.530000,0.707661,0.554783,0.400000,0.718623,0.401800,0.663327,0.500000,0.718623,0.530000,0.009667,0.009203,0.006821,0.009324,0.011091,0.676845,40,A,0.659141,68,A
Normal,Decreasing,51.520000,1.320000,9.402230,23,Yes,Small,0.350000,0.160000,0.200000,0.130000,0.262097,0.745741,0.766667,0.941597,0.308200,0.402354,0.625000,0.941597,0.130000,0.007415,0.005582,0.008526,0.012216,0.002720,0.553740,219,B,0.595994,148,B
High,Decreasing,128.140000,4.930000,8.545360,26,No,Large,0.470000,0.160000,0.800000,0.530000,0.989919,0.359591,0.866667,0.854834,0.401800,0.807124,0.850000,0.854834,0.530000,0.009667,0.011198,0.011595,0.011091,0.011091,0.859731,1,A,0.868790,1,A
Normal,Stable,197.380000,3.950000,3.956280,25,No,Medium,0.350000,0.280000,0.800000,0.310000,0.792339,0.010634,0.833333,0.390164,0.334600,0.565644,0.825000,0.390164,0.310000,0.008051,0.007848,0.011254,0.005062,0.006487,0.574347,169,B,0.577739,185,B
High,Increasing,106.740000,0.150000,3.497090,25,Yes,Small,0.470000,0.360000,0.200000,0.130000,0.026210,0.467443,0.833333,0.343668,0.445800,0.154167,0.675000,0.343668,0.130000,0.010726,0.002139,0.009208,0.004459,0.002720,0.418944,549,C,0.403290,550,C
Normal,Unknown,77.770000,2.280000,2.569790,26,Yes,Medium,0.350000,0.200000,0.200000,0.310000,0.455645,0.613446,0.866667,0.249774,0.317000,0.501407,0.700000,0.249774,0.310000,0.007627,0.006956,0.009549,0.003241,0.006487,0.489532,364,C,0.481374,382,C
Low,Stable,125.420000,0.090000,4.870480,25,Yes,Large,0.180000,0.280000,0.200000,0.530000,0.014113,0.373299,0.833333,0.482732,0.202000,0.118277,0.675000,0.482732,0.530000,0.004860,0.001641,0.009208,0.006263,0.011091,0.469442,416,C,0.455384,431,C
Normal,Unknown,154.970000,1.320000,0.667870,3,No,Large,0.350000,0.200000,0.800000,0.530000,0.262097,0.224373,0.100000,0.057194,0.317000,0.251157,0.275000,0.057194,0.530000,0.007627,0.003484,0.003751,0.000742,0.011091,0.359089,639,C,0.286695,669,C
High,Unknown,90.190000,1.050000,3.377910,9,No,Medium,0.470000,0.200000,0.800000,0.310000,0.207661,0.550852,0.300000,0.331601,0.410600,0.307187,0.425000,0.331601,0.310000,0.009879,0.004262,0.005798,0.004302,0.006487,0.413739,560,C,0.371694,601,C
Normal,Ending,114.820000,3.720000,6.511570,13,Yes,Large,0.350000,0.000000,0.200000,0.530000,0.745968,0.426721,0.433333,0.648901,0.273000,0.653386,0.375000,0.648901,0.530000,0.006568,0.009065,0.005115,0.008419,0.011091,0.590035,144,B,0.580391,176,B
Low,Decreasing,102.990000,0.370000,7.343510,19,Yes,Large,0.180000,0.160000,0.200000,0.530000,0.070565,0.486342,0.633333,0.733140,0.175600,0.191140,0.525000,0.733140,0.530000,0.004225,0.002652,0.007162,0.009512,0.011091,0.500200,341,B,0.500504,346,B
Normal,Increasing,97.700000,0.860000,3.152260,16,No,Small,0.350000,0.360000,0.800000,0.130000,0.169355,0.513003,0.533333,0.308753,0.352200,0.269013,0.600000,0.308753,0.130000,0.008474,0.003732,0.008185,0.004006,0.002720,0.387697,609,C,0.383804,583,C
Normal,Stable,11.120000,3.630000,2.054380,2,Yes,Large,0.350000,0.280000,0.200000,0.530000,0.727823,0.949350,0.066667,0.197586,0.334600,0.792065,0.100000,0.197586,0.530000,0.008051,0.010989,0.001364,0.002564,0.011091,0.478295,397,C,0.435921,487,C
Low,Stable,103.610000,0.110000,3.959970,21,No,Small,0.180000,0.280000,0.800000,0.130000,0.018145,0.483217,0.700000,0.390538,0.202000,0.153016,0.725000,0.390538,0.130000,0.004860,0.002123,0.009890,0.005067,0.002720,0.380203,617,C,0.406060,548,C
Normal,Stable,22.370000,0.490000,3.279520,6,Yes,Large,0.350000,0.280000,0.200000,0.530000,0.094758,0.892652,0.200000,0.321638,0.334600,0.326147,0.200000,0.321638,0.530000,0.008051,0.004525,0.002728,0.004173,0.011091,0.410721,564,C,0.346425,642,C
Low,Unknown,8.060000,2.550000,4.784940,6,Yes,Small,0.180000,0.200000,0.200000,0.130000,0.510081,0.964772,0.200000,0.474070,0.184400,0.641941,0.200000,0.474070,0.130000,0.004437,0.008906,0.002728,0.006151,0.002720,0.393746,598,C,0.419209,521,C
Low,Increasing,162.680000,2.170000,6.941390,23,No,Small,0.180000,0.360000,0.800000,0.130000,0.433468,0.185516,0.766667,0.692423,0.219600,0.361562,0.775000,0.692423,0.130000,0.005284,0.005016,0.010572,0.008984,0.002720,0.505995,321,B,0.555909,236,B
Low,Increasing,105.760000,0.540000,0.243090,30,No,Medium,0.180000,0.360000,0.800000,0.310000,0.104839,0.472382,1.000000,0.014183,0.219600,0.211426,0.950000,0.014183,0.310000,0.005284,0.002933,0.012959,0.000184,0.006487,0.422417,543,C,0.424296,510,C
Normal,Unknown,141.040000,2.830000,2.853000,0,Yes,Medium,0.350000,0.200000,0.200000,0.310000,0.566532,0.294577,0.000000,0.278451,0.317000,0.487665,0.050000,0.278451,0.310000,0.007627,0.006766,0.000682,0.003613,0.006487,0.346298,655,C,0.317279,657,C
High,Ending,31.590000,3.810000,4.760640,19,No,Large,0.470000,0.000000,0.800000,0.530000,0.764113,0.846185,0.633333,0.471610,0.366600,0.787914,0.675000,0.471610,0.530000,0.008820,0.010931,0.009208,0.006119,0.011091,0.679970,38,A,0.661115,66,A
Normal,Stable,159.350000,2.570000,7.316080,17,No,Medium,0.350000,0.280000,0.800000,0.310000,0.514113,0.202298,0.566667,0.730362,0.334600,0.423687,0.625000,0.730362,0.310000,0.008051,0.005878,0.008526,0.009476,0.006487,0.574334,170,B,0.588020,163,B
High,Increasing,128.110000,3.310000,2.932680,9,No,Medium,0.470000,0.360000,0.800000,0.310000,0.663306,0.359742,0.300000,0.286519,0.445800,0.575273,0.425000,0.286519,0.310000,0.010726,0.007981,0.005798,0.003717,0.006487,0.485279,376,C,0.448513,450,C
Low,Stable,190.770000,0.190000,1.470670,1,No,Small,0.180000,0.280000,0.800000,0.130000,0.034274,0.043947,0.033333,0.138482,0.202000,0.037079,0.225000,0.138482,0.130000,0.004860,0.000514,0.003069,0.001797,0.002720,0.130408,700,C,0.122366,700,C
Low,Unknown,142.370000,4.930000,1.050680,26,No,Small,0.180000,0.200000,0.800000,0.130000,0.989919,0.287874,0.866667,0.095956,0.184400,0.786326,0.850000,0.095956,0.130000,0.004437,0.010909,0.011595,0.001245,0.002720,0.490178,361,C,0.517595,312,B
High,Decreasing,55.270000,0.380000,2.985020,26,Yes,Small,0.470000,0.160000,0.200000,0.130000,0.072581,0.726842,0.866667,0.291819,0.401800,0.262316,0.700000,0.291819,0.130000,0.009667,0.003639,0.009549,0.003786,0.002720,0.423610,537,C,0.416420,524,C
Low,Decreasing,153.740000,3.670000,3.425210,3,No,Small,0.180000,0.160000,0.800000,0.130000,0.735887,0.230572,0.100000,0.336390,0.175600,0.589346,0.275000,0.336390,0.130000,0.004225,0.008176,0.003751,0.004364,0.002720,0.357623,643,C,0.377267,593,C
Normal,Stable,165.910000,3.970000,1.324430,5,No,Small,0.350000,0.280000,0.800000,0.130000,0.796371,0.169237,0.166667,0.123675,0.334600,0.614502,0.325000,0.123675,0.130000,0.008051,0.008525,0.004433,0.001605,0.002720,0.373284,624,C,0.362867,618,C
Low,Decreasing,10.340000,2.650000,1.784640,29,Yes,Small,0.180000,0.160000,0.200000,0.130000,0.530242,0.953281,0.966667,0.170273,0.175600,0.652923,0.775000,0.170273,0.130000,0.004225,0.009058,0.010572,0.002209,0.002720,0.458251,441,C,0.488296,368,C
Normal,Increasing,103.880000,1.530000,3.757280,7,No,Medium,0.350000,0.360000,0.800000,0.310000,0.304435,0.481857,0.233333,0.370014,0.352200,0.355888,0.375000,0.370014,0.310000,0.008474,0.004937,0.005115,0.004801,0.006487,0.403586,575,C,0.374047,599,C
Low,Unknown,125.180000,2.410000,7.130060,3,Yes,Medium,0.180000,0.200000,0.200000,0.310000,0.481855,0.374509,0.100000,0.711527,0.184400,0.450724,0.125000,0.711527,0.310000,0.004437,0.006253,0.001705,0.009232,0.006487,0.423805,536,C,0.438839,475,C
Normal,Decreasing,25.350000,3.140000,3.894590,27,No,Small,0.350000,0.160000,0.800000,0.130000,0.629032,0.877633,0.900000,0.383918,0.308200,0.701127,0.875000,0.383918,0.130000,0.007415,0.009727,0.011936,0.004981,0.002720,0.558918,205,B,0.591915,155,B
Normal,Unknown,117.810000,1.970000,6.906500,24,Yes,Large,0.350000,0.200000,0.200000,0.530000,0.393145,0.411652,0.800000,0.688890,0.317000,0.398512,0.650000,0.688890,0.530000,0.007627,0.005529,0.008867,0.008938,0.011091,0.608926,111,A,0.599062,141,B
Normal,Unknown,129.620000,3.780000,5.969630,2,No,Medium,0.350000,0.200000,0.800000,0.310000,0.758065,0.352132,0.066667,0.594027,0.317000,0.640344,0.250000,0.594027,0.310000,0.007627,0.008884,0.003410,0.007707,0.006487,0.501852,331,B,0.499991,347,B
Low,Stable,74.200000,4.980000,8.631480,17,Yes,Medium,0.180000,0.280000,0.200000,0.310000,1.000000,0.631438,0.566667,0.863554,0.202000,0.893117,0.475000,0.863554,0.310000,0.004860,0.012391,0.006480,0.011204,0.006487,0.640566,74,A,0.686954,45,A
High,Decreasing,37.940000,2.060000,2.964240,16,No,Medium,0.470000,0.160000,0.800000,0.310000,0.411290,0.814182,0.533333,0.289714,0.401800,0.528129,0.600000,0.289714,0.310000,0.009667,0.007327,0.008185,0.003759,0.006487,0.503842,325,B,0.480794,384,C
Low,Decreasing,32.160000,1.370000,8.759150,18,Yes,Large,0.180000,0.160000,0.200000,0.530000,0.272177,0.843312,0.600000,0.876481,0.175600,0.437806,0.500000,0.876481,0.530000,0.004225,0.006074,0.006821,0.011372,0.011091,0.582496,156,B,0.600141,138,A
High,Increasing,25.180000,3.490000,7.716570,3,Yes,Large,0.470000,0.360000,0.200000,0.530000,0.699597,0.878490,0.100000,0.770914,0.445800,0.751476,0.125000,0.770914,0.530000,0.010726,0.010426,0.001705,0.010002,0.011091,0.600743,122,A,0.571193,202,B
Normal,Decreasing,48.570000,4.200000,6.367370,30,No,Small,0.350000,0.160000,0.800000,0.130000,0.842742,0.760609,1.000000,0.634300,0.308200,0.818923,0.950000,0.634300,0.130000,0.007415,0.011362,0.012959,0.008230,0.002720,0.645283,71,A,0.703055,41,A
High,Decreasing,136.820000,1.620000,3.432980,14,Yes,Small,0.470000,0.160000,0.200000,0.130000,0.322581,0.315845,0.466667,0.337177,0.401800,0.320627,0.400000,0.337177,0.130000,0.009667,0.004448,0.005457,0.004375,0.002720,0.371277,628,C,0.347320,640,C
High,Unknown,10.960000,0.370000,0.667780,6,No,Large,0.470000,0.200000,0.800000,0.530000,0.070565,0.950156,0.200000,0.057185,0.410600,0.325646,0.350000,0.057185,0.530000,0.009879,0.004518,0.004774,0.000742,0.011091,0.412678,562,C,0.336877,648,C
Low,Decreasing,124.310000,2.520000,4.183760,29,Yes,Medium,0.180000,0.160000,0.200000,0.310000,0.504032,0.378893,0.966667,0.413198,0.175600,0.467742,0.775000,0.413198,0.310000,0.004225,0.006489,0.010572,0.005361,0.006487,0.502012,330,B,0.527294,290,B
Normal,Stable,190.690000,0.850000,6.820260,21,No,Large,0.350000,0.280000,0.800000,0.530000,0.167339,0.044350,0.700000,0.680158,0.334600,0.131672,0.725000,0.680158,0.530000,0.008051,0.001827,0.009890,0.008825,0.011091,0.548834,236,B,0.531909,283,B
Low,Decreasing,92.300000,0.880000,7.945930,22,Yes,Medium,0.180000,0.160000,0.200000,0.310000,0.173387,0.540218,0.733333,0.794138,0.175600,0.279768,0.600000,0.794138,0.310000,0.004225,0.003881,0.008185,0.010303,0.006487,0.501394,333,B,0.534882,274,B
Normal,Ending,86.820000,0.880000,3.217060,9,No,Medium,0.350000,0.000000,0.800000,0.310000,0.173387,0.567836,0.300000,0.315314,0.273000,0.287777,0.425000,0.315314,0.310000,0.006568,0.003993,0.005798,0.004091,0.006487,0.358568,641,C,0.340500,647,C
Normal,Unknown,18.900000,0.970000,6.951790,27,Yes,Medium,0.350000,0.200000,0.200000,0.310000,0.191532,0.910140,0.900000,0.693476,0.317000,0.399929,0.725000,0.693476,0.310000,0.007627,0.005549,0.009890,0.008997,0.006487,0.577115,166,B,0.594196,151,B
High,Unknown,114.320000,4.410000,6.661060,11,Yes,Small,0.470000,0.200000,0.200000,0.130000,0.885081,0.429241,0.366667,0.664038,0.410600,0.752887,0.325000,0.664038,0.130000,0.009879,0.010445,0.004433,0.008615,0.002720,0.539018,246,B,0.555988,235,B
Normal,Stable,5.420000,1.360000,1.981600,3,Yes,Small,0.350000,0.280000,0.200000,0.130000,0.270161,0.978077,0.100000,0.190217,0.334600,0.475457,0.125000,0.190217,0.130000,0.008051,0.006596,0.001705,0.002468,0.002720,0.305324,674,C,0.282816,673,C
Low,Increasing,197.990000,3.400000,2.408620,15,Yes,Medium,0.180000,0.360000,0.200000,0.310000,0.681452,0.007560,0.500000,0.233455,0.219600,0.486023,0.425000,0.233455,0.310000,0.005284,0.006743,0.005798,0.003029,0.006487,0.383673,614,C,0.376685,594,C
Low,Decreasing,54.050000,1.300000,0.823860,7,No,Small,0.180000,0.160000,0.800000,0.130000,0.258065,0.732991,0.233333,0.072989,0.175600,0.395793,0.375000,0.072989,0.130000,0.004225,0.005491,0.005115,0.000947,0.002720,0.264164,688,C,0.271202,681,C
High,Ending,40.550000,1.450000,8.228620,25,No,Small,0.470000,0.000000,0.800000,0.130000,0.288306,0.801028,0.833333,0.822762,0.366600,0.436996,0.825000,0.822762,0.130000,0.008820,0.006063,0.011254,0.010675,0.002720,0.590401,142,B,0.633287,97,A
Low,Increasing,170.440000,3.860000,1.121070,18,No,Large,0.180000,0.360000,0.800000,0.530000,0.774194,0.146407,0.600000,0.103083,0.219600,0.592135,0.650000,0.103083,0.530000,0.005284,0.008215,0.008867,0.001337,0.011091,0.497521,349,B,0.473355,395,C
Low,Unknown,97.830000,2.650000,8.525850,2,Yes,Large,0.180000,0.200000,0.200000,0.530000,0.530242,0.512348,0.066667,0.852858,0.184400,0.525053,0.100000,0.852858,0.530000,0.004437,0.007284,0.001364,0.011065,0.011091,0.514301,306,B,0.513130,320,B
High,Increasing,170.190000,3.690000,0.134800,19,Yes,Medium,0.470000,0.360000,0.200000,0.310000,0.739919,0.147667,0.633333,0.003218,0.445800,0.568166,0.525000,0.003218,0.310000,0.010726,0.007883,0.007162,0.000042,0.006487,0.449087,470,C,0.413635,533,C
High,Decreasing,5.010000,0.640000,5.686170,16,Yes,Small,0.470000,0.160000,0.200000,0.130000,0.125000,0.980143,0.533333,0.565325,0.401800,0.372992,0.450000,0.565325,0.130000,0.009667,0.005175,0.006139,0.007335,0.002720,0.449941,466,C,0.451915,442,C
Low,Decreasing,29.410000,3.510000,7.159730,12,Yes,Large,0.180000,0.160000,0.200000,0.530000,0.703629,0.857172,0.400000,0.714531,0.175600,0.748156,0.350000,0.714531,0.530000,0.004225,0.010380,0.004774,0.009270,0.011091,0.590383,143,B,0.602949,131,A
Normal,Ending,42.640000,3.240000,4.042600,26,No,Large,0.350000,0.000000,0.800000,0.530000,0.649194,0.790495,0.866667,0.398904,0.273000,0.690171,0.850000,0.398904,0.530000,0.006568,0.009575,0.011595,0.005175,0.011091,0.643399,72,A,0.638084,93,A
Normal,Increasing,64.310000,1.970000,8.293990,25,Yes,Medium,0.350000,0.360000,0.200000,0.310000,0.393145,0.681282,0.833333,0.829381,0.352200,0.476705,0.675000,0.829381,0.310000,0.008474,0.006614,0.009208,0.010761,0.006487,0.627876,91,A,0.647680,77,A
High,Increasing,31.460000,2.430000,2.248170,2,Yes,Large,0.470000,0.360000,0.200000,0.530000,0.485887,0.846840,0.066667,0.217208,0.445800,0.590563,0.100000,0.217208,0.530000,0.010726,0.008193,0.001364,0.002818,0.011091,0.461797,432,C,0.395023,568,C
High,Unknown,187.710000,0.820000,3.665560,5,No,Medium,0.470000,0.200000,0.800000,0.310000,0.161290,0.059369,0.166667,0.360727,0.410600,0.131733,0.325000,0.360727,0.310000,0.009879,0.001828,0.004433,0.004680,0.006487,0.359015,640,C,0.308192,660,C
Normal,Decreasing,70.510000,0.080000,5.755670,16,No,Medium,0.350000,0.160000,0.800000,0.310000,0.012097,0.650035,0.533333,0.572362,0.308200,0.197099,0.600000,0.572362,0.310000,0.007415,0.002735,0.008185,0.007426,0.006487,0.459718,437,C,0.460073,427,C
High,Increasing,100.070000,2.080000,7.337530,20,Yes,Medium,0.470000,0.360000,0.200000,0.310000,0.415323,0.501058,0.666667,0.732534,0.445800,0.440186,0.550000,0.732534,0.310000,0.010726,0.006107,0.007503,0.009504,0.006487,0.585870,152,B,0.582191,172,B
Low,Decreasing,129.400000,4.330000,3.030310,2,Yes,Large,0.180000,0.160000,0.200000,0.530000,0.868952,0.353241,0.066667,0.296404,0.175600,0.719395,0.100000,0.296404,0.530000,0.004225,0.009981,0.001364,0.003846,0.011091,0.449501,468,C,0.424689,509,C
High,Increasing,139.550000,0.040000,9.768900,8,Yes,Large,0.470000,0.360000,0.200000,0.530000,0.004032,0.302086,0.266667,0.978724,0.445800,0.090468,0.250000,0.978724,0.530000,0.010726,0.001255,0.003410,0.012698,0.011091,0.522644,291,B,0.491969,362,C
Normal,Stable,12.780000,3.740000,3.819950,22,Yes,Large,0.350000,0.280000,0.200000,0.530000,0.750000,0.940984,0.733333,0.376360,0.334600,0.805385,0.600000,0.376360,0.530000,0.008051,0.011174,0.008185,0.004883,0.011091,0.629465,89,A,0.606756,127,A
High,Stable,139.470000,0.050000,1.379720,25,No,Small,0.470000,0.280000,0.800000,0.130000,0.006048,0.302490,0.833333,0.129273,0.428200,0.092016,0.825000,0.129273,0.130000,0.010303,0.001277,0.011254,0.001677,0.002720,0.404757,572,C,0.392114,571,C
High,Stable,110.730000,3.840000,7.132490,11,No,Medium,0.470000,0.280000,0.800000,0.310000,0.770161,0.447334,0.366667,0.711773,0.428200,0.676541,0.475000,0.711773,0.310000,0.010303,0.009386,0.006480,0.009235,0.006487,0.625198,94,A,0.627180,104,A
Low,Increasing,54.440000,4.400000,2.080130,12,Yes,Small,0.180000,0.360000,0.200000,0.130000,0.883065,0.731025,0.400000,0.200193,0.219600,0.838973,0.350000,0.200193,0.130000,0.005284,0.011640,0.004774,0.002597,0.002720,0.430285,516,C,0.446891,452,C
Low,Stable,108.900000,1.980000,1.849950,5,No,Medium,0.180000,0.280000,0.800000,0.310000,0.395161,0.456557,0.166667,0.176886,0.202000,0.412966,0.325000,0.176886,0.310000,0.004860,0.005729,0.004433,0.002295,0.006487,0.318545,671,C,0.303562,662,C
Low,Unknown,193.750000,4.180000,2.452950,27,Yes,Medium,0.180000,0.200000,0.200000,0.310000,0.838710,0.028929,0.900000,0.237943,0.184400,0.603873,0.725000,0.237943,0.310000,0.004437,0.008378,0.009890,0.003087,0.006487,0.487425,370,C,0.501640,344,B
High,Decreasing,112.310000,1.500000,9.979020,14,No,Medium,0.470000,0.160000,0.800000,0.310000,0.298387,0.439371,0.466667,1.000000,0.401800,0.339272,0.550000,1.000000,0.310000,0.009667,0.004707,0.007503,0.012974,0.006487,0.596554,127,A,0.599342,139,A
High,Decreasing,185.970000,4.010000,2.902610,15,No,Large,0.470000,0.160000,0.800000,0.530000,0.804435,0.068138,0.500000,0.283474,0.401800,0.590909,0.575000,0.283474,0.530000,0.009667,0.008198,0.007844,0.003678,0.011091,0.563358,197,B,0.519019,309,B
Low,Decreasing,146.560000,0.360000,4.501520,2,Yes,Small,0.180000,0.160000,0.200000,0.130000,0.068548,0.266757,0.066667,0.445373,0.175600,0.126029,0.100000,0.445373,0.130000,0.004225,0.001748,0.001364,0.005778,0.002720,0.224897,694,C,0.237575,688,C
Normal,Unknown,60.770000,4.540000,2.604960,17,Yes,Large,0.350000,0.200000,0.200000,0.530000,0.911290,0.699123,0.566667,0.253335,0.317000,0.849762,0.475000,0.253335,0.530000,0.007627,0.011789,0.006480,0.003287,0.011091,0.572766,173,B,0.543467,252,B
High,Increasing,155.070000,2.780000,4.518160,23,No,Large,0.470000,0.360000,0.800000,0.530000,0.556452,0.223869,0.766667,0.447058,0.445800,0.460003,0.775000,0.447058,0.530000,0.010726,0.006382,0.010572,0.005800,0.011091,0.620359,102,A,0.587348,165,B
High,Unknown,18.350000,2.430000,8.715070,28,Yes,Medium,0.470000,0.200000,0.200000,0.310000,0.485887,0.912912,0.933333,0.872018,0.410600,0.609724,0.750000,0.872018,0.310000,0.009879,0.008459,0.010231,0.011314,0.006487,0.706953,22,A,0.731131,26,A
Normal,Decreasing,65.060000,1.100000,4.538550,27,No,Large,0.350000,0.160000,0.800000,0.530000,0.217742,0.677502,0.900000,0.449122,0.308200,0.351072,0.875000,0.449122,0.530000,0.007415,0.004871,0.011936,0.005827,0.011091,0.580638,159,B,0.564961,220,B
Low,Ending,25.640000,1.090000,3.324810,14,Yes,Large,0.180000,0.000000,0.200000,0.530000,0.215726,0.876172,0.466667,0.326224,0.140400,0.407255,0.400000,0.326224,0.530000,0.003378,0.005650,0.005457,0.004233,0.011091,0.428351,521,C,0.402255,554,C
Low,Stable,189.870000,4.390000,9.481630,16,No,Large,0.180000,0.280000,0.800000,0.530000,0.881048,0.048483,0.533333,0.949636,0.202000,0.639604,0.600000,0.949636,0.530000,0.004860,0.008874,0.008185,0.012321,0.011091,0.677706,39,A,0.708266,39,A
Low,Ending,83.090000,2.200000,8.157420,17,No,Small,0.180000,0.000000,0.800000,0.130000,0.439516,0.586634,0.566667,0.815553,0.140400,0.482180,0.625000,0.815553,0.130000,0.003378,0.006690,0.008526,0.010581,0.002720,0.510882,312,B,0.577563,187,B
Normal,Increasing,158.480000,0.230000,6.423270,24,Yes,Small,0.350000,0.360000,0.200000,0.130000,0.042339,0.206683,0.800000,0.639961,0.352200,0.089998,0.650000,0.639961,0.130000,0.008474,0.001249,0.008867,0.008303,0.002720,0.438309,498,C,0.453341,436,C
Low,Stable,114.650000,3.250000,1.925330,8,Yes,Small,0.180000,0.280000,0.200000,0.130000,0.651210,0.427578,0.266667,0.184519,0.202000,0.586356,0.250000,0.184519,0.130000,0.004860,0.008135,0.003410,0.002394,0.002720,0.325735,668,C,0.333980,652,C
Normal,Stable,132.890000,3.550000,8.399150,16,No,Medium,0.350000,0.280000,0.800000,0.310000,0.711694,0.335652,0.533333,0.840029,0.334600,0.602641,0.600000,0.840029,0.310000,0.008051,0.008361,0.008185,0.010899,0.006487,0.646008,68,A,0.671359,61,A
Low,Decreasing,111.420000,1.030000,1.998470,30,No,Small,0.180000,0.160000,0.800000,0.130000,0.203629,0.443856,1.000000,0.191925,0.175600,0.273295,0.950000,0.191925,0.130000,0.004225,0.003792,0.012959,0.002490,0.002720,0.422289,544,C,0.444655,460,C
Normal,Increasing,1.890000,1.890000,0.444650,12,Yes,Large,0.350000,0.360000,0.200000,0.530000,0.377016,0.995867,0.400000,0.034592,0.352200,0.556483,0.350000,0.034592,0.530000,0.008474,0.007721,0.004774,0.000449,0.011091,0.445149,479,C,0.391163,574,C
High,Ending,110.240000,2.810000,7.841550,16,No,Large,0.470000,0.000000,0.800000,0.530000,0.562500,0.449803,0.533333,0.783569,0.366600,0.529818,0.600000,0.783569,0.530000,0.008820,0.007351,0.008185,0.010166,0.011091,0.671902,46,A,0.662657,64,A
Normal,Ending,79.110000,0.030000,0.460480,2,Yes,Large,0.350000,0.000000,0.200000,0.530000,0.002016,0.606693,0.066667,0.036195,0.273000,0.177372,0.100000,0.036195,0.530000,0.006568,0.002461,0.001364,0.000470,0.011091,0.308388,673,C,0.233400,691,C
Normal,Unknown,85.880000,2.870000,8.311190,20,No,Large,0.350000,0.200000,0.800000,0.530000,0.574597,0.572573,0.666667,0.831123,0.317000,0.574010,0.700000,0.831123,0.530000,0.007627,0.007964,0.009549,0.010783,0.011091,0.707961,21,A,0.715407,33,A
Normal,Decreasing,88.890000,1.360000,9.259040,16,No,Small,0.350000,0.160000,0.800000,0.130000,0.270161,0.557403,0.533333,0.927098,0.308200,0.353462,0.600000,0.927098,0.130000,0.007415,0.004904,0.008185,0.012028,0.002720,0.534783,260,B,0.573974,196,B
Low,Unknown,97.710000,4.160000,0.925370,16,Yes,Small,0.180000,0.200000,0.200000,0.130000,0.834677,0.512952,0.533333,0.083268,0.184400,0.741377,0.450000,0.083268,0.130000,0.004437,0.010286,0.006139,0.001080,0.002720,0.397518,590,C,0.415086,530,C
Low,Increasing,30.100000,3.530000,4.459050,18,Yes,Small,0.180000,0.360000,0.200000,0.130000,0.707661,0.853694,0.600000,0.441072,0.219600,0.750011,0.500000,0.441072,0.130000,0.005284,0.010405,0.006821,0.005723,0.002720,0.485761,374,C,0.522859,301,B
Low,Unknown,154.610000,2.460000,8.909100,5,No,Small,0.180000,0.200000,0.800000,0.130000,0.491935,0.226187,0.166667,0.891665,0.184400,0.414868,0.325000,0.891665,0.130000,0.004437,0.005756,0.004433,0.011569,0.002720,0.460837,435,C,0.506452,335,B
High,Unknown,182.250000,4.270000,1.209150,29,No,Medium,0.470000,0.200000,0.800000,0.310000,0.856855,0.086886,0.966667,0.112002,0.410600,0.633564,0.925000,0.112002,0.310000,0.009879,0.008790,0.012618,0.001453,0.006487,0.554012,218,B,0.536374,269,B
Normal,Increasing,159.440000,4.650000,6.376200,20,No,Large,0.350000,0.360000,0.800000,0.530000,0.933468,0.201845,0.666667,0.635194,0.352200,0.721297,0.700000,0.635194,0.530000,0.008474,0.010007,0.009549,0.008241,0.011091,0.717806,17,A,0.712898,35,A
Normal,Unknown,177.390000,3.510000,7.898440,11,Yes,Large,0.350000,0.200000,0.200000,0.530000,0.703629,0.111380,0.366667,0.789330,0.317000,0.531877,0.325000,0.789330,0.530000,0.007627,0.007379,0.004433,0.010241,0.011091,0.586088,151,B,0.571781,200,B
High,Decreasing,152.840000,1.480000,4.537190,13,No,Large,0.470000,0.160000,0.800000,0.530000,0.294355,0.235107,0.433333,0.448984,0.401800,0.277173,0.525000,0.448984,0.530000,0.009667,0.003845,0.007162,0.005825,0.011091,0.511071,310,B,0.463078,419,C
Normal,Unknown,83.220000,2.420000,6.212540,17,Yes,Small,0.350000,0.200000,0.200000,0.130000,0.483871,0.585979,0.566667,0.618623,0.317000,0.513482,0.475000,0.618623,0.130000,0.007627,0.007124,0.006480,0.008026,0.002720,0.482752,384,C,0.510098,327,B
Normal,Ending,129.350000,3.490000,9.706680,19,No,Small,0.350000,0.000000,0.800000,0.130000,0.699597,0.353493,0.633333,0.972424,0.273000,0.599227,0.675000,0.972424,0.130000,0.006568,0.008314,0.009208,0.012616,0.002720,0.606213,113,A,0.666135,62,A
High,Increasing,120.910000,3.020000,2.706920,20,Yes,Large,0.470000,0.360000,0.200000,0.530000,0.604839,0.396029,0.666667,0.263659,0.445800,0.544284,0.550000,0.263659,0.530000,0.010726,0.007551,0.007503,0.003421,0.011091,0.550132,231,B,0.497221,353,C
High,Ending,13.720000,2.430000,4.909660,26,Yes,Medium,0.470000,0.000000,0.200000,0.310000,0.485887,0.936246,0.866667,0.486699,0.366600,0.616491,0.700000,0.486699,0.310000,0.008820,0.008553,0.009549,0.006315,0.006487,0.596003,130,A,0.599053,142,B
Normal,Ending,146.070000,4.160000,4.741010,30,Yes,Large,0.350000,0.000000,0.200000,0.530000,0.834677,0.269227,1.000000,0.469622,0.273000,0.670697,0.800000,0.469622,0.530000,0.006568,0.009305,0.010913,0.006093,0.011091,0.651027,64,A,0.649415,75,A
High,Ending,28.580000,0.400000,9.853380,28,No,Small,0.470000,0.000000,0.800000,0.130000,0.076613,0.861355,0.933333,0.987278,0.366600,0.304188,0.900000,0.987278,0.130000,0.008820,0.004220,0.012277,0.012809,0.002720,0.592247,137,A,0.626486,106,A
Low,Decreasing,143.200000,4.760000,1.228210,5,Yes,Small,0.180000,0.160000,0.200000,0.130000,0.955645,0.283691,0.166667,0.113932,0.175600,0.760779,0.175000,0.113932,0.130000,0.004225,0.010555,0.002387,0.001478,0.002720,0.358012,642,C,0.369471,605,C
High,Ending,3.650000,4.900000,8.854690,10,Yes,Medium,0.470000,0.000000,0.200000,0.310000,0.983871,0.986997,0.333333,0.886155,0.366600,0.984778,0.300000,0.886155,0.310000,0.008820,0.013663,0.004092,0.011497,0.006487,0.651716,62,A,0.657091,70,A
Low,Unknown,45.620000,4.800000,9.868310,8,Yes,Large,0.180000,0.200000,0.200000,0.530000,0.963710,0.775476,0.266667,0.988790,0.184400,0.909122,0.250000,0.988790,0.530000,0.004437,0.012613,0.003410,0.012829,0.011091,0.634739,83,A,0.646481,80,A
High,Ending,136.590000,3.680000,2.136590,15,No,Small,0.470000,0.000000,0.800000,0.130000,0.737903,0.317004,0.500000,0.205910,0.366600,0.615843,0.575000,0.205910,0.130000,0.008820,0.008544,0.007844,0.002672,0.002720,0.452240,461,C,0.451623,443,C
High,Increasing,34.400000,1.070000,4.781520,4,Yes,Large,0.470000,0.360000,0.200000,0.530000,0.211694,0.832023,0.133333,0.473724,0.445800,0.391589,0.150000,0.473724,0.530000,0.010726,0.005433,0.002046,0.006146,0.011091,0.475237,405,C,0.412431,535,C
Normal,Increasing,3.200000,3.220000,6.141520,2,No,Small,0.350000,0.360000,0.800000,0.130000,0.645161,0.989265,0.066667,0.611432,0.352200,0.744951,0.250000,0.611432,0.130000,0.008474,0.010335,0.003410,0.007933,0.002720,0.498142,347,B,0.514726,319,B
High,Increasing,97.730000,1.810000,9.874350,22,Yes,Medium,0.470000,0.360000,0.200000,0.310000,0.360887,0.512852,0.733333,0.989402,0.445800,0.404957,0.600000,0.989402,0.310000,0.010726,0.005618,0.008185,0.012837,0.006487,0.631400,86,A,0.634540,95,A
Normal,Unknown,199.460000,2.100000,5.593130,13,No,Large,0.350000,0.200000,0.800000,0.530000,0.419355,0.000151,0.433333,0.555904,0.317000,0.297786,0.525000,0.555904,0.530000,0.007627,0.004131,0.007162,0.007212,0.011091,0.520996,293,B,0.492561,359,C
Normal,Decreasing,170.190000,3.440000,3.524310,17,No,Medium,0.350000,0.160000,0.800000,0.310000,0.689516,0.147667,0.566667,0.346425,0.308200,0.532380,0.625000,0.346425,0.310000,0.007415,0.007386,0.008526,0.004495,0.006487,0.500972,336,B,0.497362,352,C
High,Increasing,171.930000,2.420000,9.882190,16,Yes,Medium,0.470000,0.360000,0.200000,0.310000,0.483871,0.138897,0.533333,0.990195,0.445800,0.383829,0.450000,0.990195,0.310000,0.010726,0.005325,0.006139,0.012847,0.006487,0.592292,136,A,0.588612,162,B
High,Unknown,173.270000,0.970000,9.334310,2,Yes,Medium,0.470000,0.200000,0.200000,0.310000,0.191532,0.132144,0.066667,0.934720,0.410600,0.174310,0.100000,0.934720,0.310000,0.009879,0.002418,0.001364,0.012127,0.006487,0.462004,431,C,0.451214,444,C
Normal,Decreasing,148.810000,4.150000,3.158690,25,Yes,Small,0.350000,0.160000,0.200000,0.130000,0.832661,0.255418,0.833333,0.309404,0.308200,0.665261,0.675000,0.309404,0.130000,0.007415,0.009230,0.009208,0.004014,0.002720,0.494947,353,C,0.515540,318,B
Normal,Stable,126.820000,1.740000,6.115650,23,No,Medium,0.350000,0.280000,0.800000,0.310000,0.346774,0.366243,0.766667,0.608812,0.334600,0.352420,0.775000,0.608812,0.310000,0.008051,0.004889,0.010572,0.007899,0.006487,0.558319,206,B,0.567536,210,B
Normal,Decreasing,92.620000,2.450000,0.262950,27,Yes,Medium,0.350000,0.160000,0.200000,0.310000,0.489919,0.538605,0.900000,0.016194,0.308200,0.504038,0.725000,0.016194,0.310000,0.007415,0.006993,0.009890,0.000210,0.006487,0.446451,473,C,0.437934,480,C
Normal,Ending,93.530000,1.170000,3.863570,23,Yes,Medium,0.350000,0.000000,0.200000,0.310000,0.231855,0.534019,0.766667,0.380777,0.273000,0.319482,0.625000,0.380777,0.310000,0.006568,0.004432,0.008526,0.004940,0.006487,0.440183,493,C,0.438319,478,C
Low,Increasing,104.020000,2.380000,9.177890,23,No,Medium,0.180000,0.360000,0.800000,0.310000,0.475806,0.481151,0.766667,0.918881,0.219600,0.477356,0.775000,0.918881,0.310000,0.005284,0.006623,0.010572,0.011922,0.006487,0.625690,92,A,0.671531,60,A
High,Increasing,27.780000,2.660000,0.257180,2,Yes,Small,0.470000,0.360000,0.200000,0.130000,0.532258,0.865387,0.066667,0.015610,0.445800,0.628865,0.100000,0.015610,0.130000,0.010726,0.008725,0.001364,0.000203,0.002720,0.363450,635,C,0.330311,655,C
Normal,Unknown,23.410000,2.920000,6.793320,5,No,Medium,0.350000,0.200000,0.800000,0.310000,0.584677,0.887411,0.166667,0.677430,0.317000,0.672470,0.325000,0.677430,0.310000,0.007627,0.009330,0.004433,0.008789,0.006487,0.549277,234,B,0.556184,234,B
Normal,Increasing,50.110000,0.500000,4.007750,20,Yes,Medium,0.350000,0.360000,0.200000,0.310000,0.096774,0.752847,0.666667,0.395376,0.352200,0.287035,0.550000,0.395376,0.310000,0.008474,0.003982,0.007503,0.005130,0.006487,0.437270,502,C,0.417953,522,C
Low,Unknown,156.800000,4.050000,1.632190,14,No,Small,0.180000,0.200000,0.800000,0.130000,0.812500,0.215150,0.466667,0.154837,0.184400,0.639268,0.550000,0.154837,0.130000,0.004437,0.008869,0.007503,0.002009,0.002720,0.401768,579,C,0.423037,512,C
High,Unknown,169.240000,4.850000,4.055330,17,No,Medium,0.470000,0.200000,0.800000,0.310000,0.973790,0.152454,0.566667,0.400193,0.410600,0.735603,0.625000,0.400193,0.310000,0.009879,0.010206,0.008526,0.005192,0.006487,0.594785,134,A,0.585891,167,B
Low,Stable,196.850000,3.310000,4.977420,18,No,Large,0.180000,0.280000,0.800000,0.530000,0.663306,0.013305,0.600000,0.493560,0.202000,0.474806,0.650000,0.493560,0.530000,0.004860,0.006587,0.008867,0.006404,0.011091,0.553299,222,B,0.551668,241,B
Low,Unknown,106.790000,3.180000,8.000300,8,No,Medium,0.180000,0.200000,0.800000,0.310000,0.637097,0.467191,0.266667,0.799644,0.184400,0.587824,0.400000,0.799644,0.310000,0.004437,0.008155,0.005457,0.010375,0.006487,0.538359,247,B,0.574268,194,B
High,Ending,7.150000,0.770000,6.947110,18,No,Medium,0.470000,0.000000,0.800000,0.310000,0.151210,0.969358,0.600000,0.693002,0.366600,0.388473,0.650000,0.693002,0.310000,0.008820,0.005390,0.008867,0.008991,0.006487,0.568753,180,B,0.575170,192,B
High,Ending,166.690000,4.050000,6.437700,7,No,Small,0.470000,0.000000,0.800000,0.130000,0.812500,0.165306,0.233333,0.641422,0.366600,0.624814,0.375000,0.641422,0.130000,0.008820,0.008669,0.005115,0.008322,0.002720,0.506082,320,B,0.526196,295,B
Low,Decreasing,103.820000,0.840000,1.944010,1,Yes,Medium,0.180000,0.160000,0.200000,0.310000,0.165323,0.482159,0.033333,0.186410,0.175600,0.257205,0.075000,0.186410,0.310000,0.004225,0.003568,0.001023,0.002419,0.006487,0.217696,695,C,0.190740,695,C
Normal,Increasing,45.170000,1.500000,5.103340,14,Yes,Large,0.350000,0.360000,0.200000,0.530000,0.298387,0.777744,0.466667,0.506310,0.352200,0.437401,0.400000,0.506310,0.530000,0.008474,0.006068,0.005457,0.006569,0.011091,0.525837,284,B,0.486847,370,C
Normal,Decreasing,78.110000,0.830000,7.334500,20,No,Medium,0.350000,0.160000,0.800000,0.310000,0.163306,0.611733,0.666667,0.732228,0.308200,0.293350,0.700000,0.732228,0.310000,0.007415,0.004070,0.009549,0.009500,0.006487,0.546429,239,B,0.561515,225,B
Low,Decreasing,28.010000,1.100000,3.923170,10,Yes,Medium,0.180000,0.160000,0.200000,0.310000,0.217742,0.864227,0.333333,0.386811,0.175600,0.405223,0.300000,0.386811,0.310000,0.004225,0.005622,0.004092,0.005019,0.006487,0.354609,644,C,0.353872,634,C
High,Decreasing,111.470000,2.840000,9.286290,4,No,Large,0.470000,0.160000,0.800000,0.530000,0.568548,0.443604,0.133333,0.929857,0.401800,0.532315,0.300000,0.929857,0.530000,0.009667,0.007385,0.004092,0.012064,0.011091,0.619841,103,A,0.599096,140,A
Normal,Decreasing,184.090000,1.940000,3.888080,22,No,Medium,0.350000,0.160000,0.800000,0.310000,0.387097,0.077613,0.733333,0.383258,0.308200,0.297347,0.750000,0.383258,0.310000,0.007415,0.004125,0.010231,0.004972,0.006487,0.477177,399,C,0.474923,394,C
High,Increasing,100.630000,0.420000,5.145210,16,No,Small,0.470000,0.360000,0.800000,0.130000,0.080645,0.498236,0.533333,0.510550,0.445800,0.201747,0.600000,0.510550,0.130000,0.010726,0.002799,0.008185,0.006624,0.002720,0.444704,481,C,0.437231,484,C
Low,Increasing,164.390000,2.820000,7.580830,15,No,Small,0.180000,0.360000,0.800000,0.130000,0.564516,0.176897,0.500000,0.757170,0.219600,0.452107,0.575000,0.757170,0.130000,0.005284,0.006272,0.007844,0.009824,0.002720,0.498915,344,B,0.550328,245,B
High,Unknown,79.480000,3.960000,9.086580,27,No,Small,0.470000,0.200000,0.800000,0.130000,0.794355,0.604828,0.900000,0.909635,0.410600,0.739392,0.875000,0.909635,0.130000,0.009879,0.010258,0.011936,0.011802,0.002720,0.687425,34,A,0.750288,18,A
High,Ending,29.140000,4.560000,5.388150,7,Yes,Medium,0.470000,0.000000,0.200000,0.310000,0.915323,0.858532,0.233333,0.535149,0.366600,0.898853,0.225000,0.535149,0.310000,0.008820,0.012470,0.003069,0.006943,0.006487,0.554817,214,B,0.547739,249,B
Normal,Stable,22.060000,1.900000,8.186350,17,Yes,Large,0.350000,0.280000,0.200000,0.530000,0.379032,0.894214,0.566667,0.818482,0.334600,0.528435,0.475000,0.818482,0.530000,0.008051,0.007331,0.006480,0.010619,0.011091,0.636128,80,A,0.627200,103,A
High,Increasing,149.810000,2.030000,1.165950,12,Yes,Large,0.470000,0.360000,0.200000,0.530000,0.405242,0.250378,0.400000,0.107628,0.445800,0.360331,0.350000,0.107628,0.530000,0.010726,0.004999,0.004774,0.001396,0.011091,0.436850,504,C,0.357554,625,C
High,Unknown,110.190000,2.330000,6.671610,11,Yes,Small,0.470000,0.200000,0.200000,0.130000,0.465726,0.450055,0.366667,0.665106,0.410600,0.461181,0.325000,0.665106,0.130000,0.009879,0.006398,0.004433,0.008629,0.002720,0.470373,414,C,0.476042,392,C
Normal,Ending,110.010000,1.050000,1.357500,21,No,Small,0.350000,0.000000,0.800000,0.130000,0.207661,0.450963,0.700000,0.127023,0.273000,0.278219,0.725000,0.127023,0.130000,0.006568,0.003860,0.009890,0.001648,0.002720,0.370603,629,C,0.378544,590,C
Normal,Stable,26.540000,0.400000,9.014340,14,No,Medium,0.350000,0.280000,0.800000,0.310000,0.076613,0.871636,0.466667,0.902321,0.334600,0.307170,0.550000,0.902321,0.310000,0.008051,0.004262,0.007503,0.011707,0.006487,0.558175,207,B,0.571290,201,B
High,Stable,20.830000,0.540000,9.699660,11,Yes,Small,0.470000,0.280000,0.200000,0.130000,0.104839,0.900413,0.366667,0.971713,0.428200,0.335555,0.325000,0.971713,0.130000,0.010303,0.004655,0.004433,0.012607,0.002720,0.509108,314,B,0.519814,307,B
High,Increasing,12.390000,0.520000,6.406030,5,No,Small,0.470000,0.360000,0.800000,0.130000,0.100806,0.942949,0.166667,0.638215,0.445800,0.345028,0.325000,0.638215,0.130000,0.010726,0.004787,0.004433,0.008280,0.002720,0.446118,476,C,0.439082,474,C
Normal,Increasing,75.380000,3.500000,1.500280,11,Yes,Small,0.350000,0.360000,0.200000,0.130000,0.701613,0.625491,0.366667,0.141480,0.352200,0.679538,0.325000,0.141480,0.130000,0.008474,0.009428,0.004433,0.001836,0.002720,0.400398,583,C,0.390793,575,C
Low,Increasing,162.200000,1.220000,3.946320,5,No,Small,0.180000,0.360000,0.800000,0.130000,0.241935,0.187935,0.166667,0.389156,0.219600,0.226275,0.325000,0.389156,0.130000,0.005284,0.003139,0.004433,0.005049,0.002720,0.279492,681,C,0.288324,668,C
Low,Increasing,177.600000,0.170000,6.705560,3,No,Small,0.180000,0.360000,0.800000,0.130000,0.030242,0.110322,0.100000,0.668544,0.219600,0.053465,0.275000,0.668544,0.130000,0.005284,0.000742,0.003751,0.008674,0.002720,0.328619,666,C,0.353779,635,C
Normal,Ending,13.090000,2.810000,9.167720,0,Yes,Small,0.350000,0.000000,0.200000,0.130000,0.562500,0.939421,0.000000,0.917851,0.273000,0.671807,0.050000,0.917851,0.130000,0.006568,0.009320,0.000682,0.011908,0.002720,0.488745,366,C,0.518283,310,B
Normal,Stable,173.840000,4.300000,3.543900,23,No,Large,0.350000,0.280000,0.800000,0.530000,0.862903,0.129271,0.766667,0.348408,0.334600,0.650150,0.775000,0.348408,0.530000,0.008051,0.009020,0.010572,0.004520,0.011091,0.622774,97,A,0.600899,133,A
Normal,Unknown,30.960000,1.090000,2.813640,11,Yes,Large,0.350000,0.200000,0.200000,0.530000,0.215726,0.849360,0.366667,0.274465,0.317000,0.399480,0.325000,0.274465,0.530000,0.007627,0.005542,0.004433,0.003561,0.011091,0.437954,500,C,0.381455,587,C
Normal,Unknown,49.860000,1.640000,6.031680,3,Yes,Medium,0.350000,0.200000,0.200000,0.310000,0.326613,0.754107,0.100000,0.600310,0.317000,0.450586,0.125000,0.600310,0.310000,0.007627,0.006251,0.001705,0.007789,0.006487,0.425278,530,C,0.415103,529,C
Low,Ending,118.430000,4.880000,1.141580,29,No,Large,0.180000,0.000000,0.800000,0.530000,0.979839,0.408527,0.966667,0.105160,0.140400,0.814158,0.925000,0.105160,0.530000,0.003378,0.011295,0.012618,0.001364,0.011091,0.568755,179,B,0.568236,209,B
Low,Unknown,196.930000,3.000000,9.510760,16,No,Medium,0.180000,0.200000,0.800000,0.310000,0.600806,0.012902,0.533333,0.952586,0.184400,0.430314,0.600000,0.952586,0.310000,0.004437,0.005970,0.008185,0.012359,0.006487,0.573180,172,B,0.614086,117,A
Normal,Ending,18.460000,0.940000,1.780330,2,No,Large,0.350000,0.000000,0.800000,0.530000,0.185484,0.912358,0.066667,0.169837,0.273000,0.396277,0.250000,0.169837,0.530000,0.006568,0.005498,0.003410,0.002204,0.011091,0.391976,599,C,0.332697,653,C
High,Decreasing,144.550000,2.150000,2.903100,10,No,Small,0.470000,0.160000,0.800000,0.130000,0.429435,0.276887,0.333333,0.283524,0.401800,0.385197,0.450000,0.283524,0.130000,0.009667,0.005344,0.006139,0.003678,0.002720,0.387834,606,C,0.366912,610,C
Low,Increasing,81.620000,0.540000,1.725280,30,No,Small,0.180000,0.360000,0.800000,0.130000,0.104839,0.594043,1.000000,0.164263,0.219600,0.246708,0.950000,0.164263,0.130000,0.005284,0.003423,0.012959,0.002131,0.002720,0.420446,548,C,0.437043,485,C
Low,Increasing,114.370000,1.740000,2.578160,25,Yes,Medium,0.180000,0.360000,0.200000,0.310000,0.346774,0.428989,0.833333,0.250622,0.219600,0.370616,0.675000,0.250622,0.310000,0.005284,0.005142,0.009208,0.003252,0.006487,0.424141,533,C,0.426753,506,C
